name,Monday_total,Tuesday_total,Wednesday_total,Thursday_total,Friday_total,Total_message,1 plus,1 minus,Time of activity,Commit word,sum_stats
Дмитрий Смирнов,46,45,25,13,45,174,4,3,7.51562084668277,['fix bugs' 'add' 'update' 'update' 'create'],7
Дмитрий Астахов,20,37,29,43,60,189,4,1,7.269174119780969,['update' 'fix bugs' 'connect' 'add' 'update'],5
Вадим Кирейчук,46,31,19,50,49,195,2,2,8.819705209957725,['add' 'fix errors'],4
Дмитрий Кирейчук,23,23,36,56,40,178,3,2,7.278166523834012,['realization'],5
Денис Кирейчук,28,35,14,44,17,138,4,3,8.951502661392881,['fix bugs' 'connect'],7
Дмитрий Герасимчук,19,44,3,31,7,104,1,1,8.07293668127878,['update' 'fix bug' 'fix bugs' 'fix errors' 'fix error'],2
Вадим Иванов,42,48,14,44,44,192,1,3,6.616869712559236,['connect'],4
Владмир Астахов,7,7,57,13,40,124,4,2,7.9517104363031015,[],6
Олег Кировский,21,54,21,49,24,169,2,1,6.245916408013316,[],3
Денис Краснов,52,14,16,56,39,177,1,2,7.02103950471583,['connect' 'add' 'connect'],3
Денис Иванов,59,46,39,37,49,230,2,2,7.5193176166061475,['create' 'realization' 'review this'],4
Вадим Астахов,23,31,29,3,42,128,1,1,8.560983246528693,['fix error' 'create' 'fix bugs' 'fix bugs'],2
Денис Иванов,10,23,39,36,24,132,4,2,9.808505256053516,['update' 'create' 'realization'],6
Андрей Иванов,9,59,17,5,28,118,2,3,7.069282229616265,['realization' 'fix error' 'realization' 'update'],5
Олег Троцкий,23,52,11,23,6,115,4,3,7.71444213433643,['fix bugs' 'realization'],7
Денис Кирейчук,30,37,14,38,19,138,1,3,7.710610595245461,['create' 'create' 'realization'],4
Евгений Стоев,22,40,9,17,52,140,3,3,7.995700865902391,[],6
Владмир Астахов,37,19,4,41,48,149,2,3,9.5038322733287,['fix bug'],5
Валерий Герасимчук,14,4,22,37,39,116,4,2,8.475319920495604,['realization'],6
Денис Кирейчук,48,26,50,6,36,166,2,1,9.593956851040666,[],3
Евгений Троцкий,1,24,16,4,3,48,1,1,8.118623316861813,['fix error' 'update'],2
Андрей Иванов,40,4,30,32,7,113,1,3,6.767062891517092,['connect' 'fix error' 'update' 'review this' 'fix bug'],4
Олег Кирейчук,40,3,8,51,16,118,4,2,6.992475147491615,['connect' 'connect' 'review this' 'fix bug'],6
Андрей Камышев,43,9,51,43,23,169,1,3,7.87549332337766,['fix errors' 'fix errors' 'create' 'review this'],4
Валерий Астахов,29,32,59,56,48,224,3,3,7.58350822212897,['fix errors' 'fix bug'],6
Вадим Камышев,2,57,59,25,31,174,3,1,9.708393781634694,['fix errors' 'create' 'update' 'review this'],4
Вадим Смирнов,37,36,49,28,45,195,3,1,9.202152596720916,['update'],4
Владмир Троцкий,58,20,42,5,19,144,1,3,7.271377232221959,['fix errors' 'create' 'add' 'connect' 'fix errors'],4
Андрей Стоев,36,29,60,21,57,203,3,3,7.572285316341757,['create' 'fix bugs' 'add' 'realization' 'review this'],6
Вадим Герасимчук,41,36,39,5,31,152,4,2,8.793529636106282,['fix bugs' 'fix bug' 'review this'],6
Виктор Кировский,23,50,3,8,59,143,3,3,6.30013863374014,['connect' 'connect' 'connect' 'create'],6
Виктор Иванов,16,10,59,38,42,165,4,2,7.66783788494955,['create' 'fix error' 'fix error' 'fix error'],6
Денис Стоев,35,9,8,31,26,109,1,1,7.201415405291173,['realization' 'fix bug' 'fix bug' 'create'],2
Андрей Кирейчук,31,2,44,38,27,142,3,2,7.8324348110515105,[],5
Валерий Герасимчук,23,22,7,30,48,130,3,3,7.082004181155488,['fix errors' 'update' 'fix error'],6
Олег Камышев,42,49,22,12,4,129,3,3,8.895193622034139,['update' 'update' 'fix bug' 'fix bugs'],6
Дмитрий Кировский,16,15,50,26,30,137,1,1,8.439471806608807,['fix bug' 'fix bug' 'realization'],2
Артур Кирейчук,33,29,39,41,10,152,1,2,8.896870798897618,['fix bug' 'fix bugs'],3
Евгений Стоев,56,47,0,13,29,145,1,2,9.54473757951675,['add' 'fix bugs'],3
Вадим Смирнов,45,59,19,20,58,201,2,1,6.773251667904355,[],3
Вадим Камышев,4,35,49,23,50,161,3,2,8.770710453944433,['fix errors' 'create' 'fix bug'],5
Владмир Смирнов,59,44,7,7,18,135,3,2,7.217097568585787,[],5
Денис Стоев,54,25,46,43,14,182,1,2,9.249582281860345,['fix bug'],3
Денис Иванов,22,30,1,13,3,69,1,1,6.560867498801612,[],2
Валерий Кировский,0,39,42,57,57,195,4,1,8.667402488891454,['create' 'fix error' 'fix errors'],5
Дмитрий Герасимчук,53,17,11,17,33,131,3,1,7.84128011045004,['fix bug' 'fix bug'],4
Олег Троцкий,30,8,55,48,4,145,1,2,8.41187651475826,[],3
Вадим Краснов,48,1,41,33,15,138,1,1,9.61201543288843,[],2
Валерий Камышев,49,42,50,29,17,187,2,1,8.893935560175668,['fix error' 'create' 'create' 'fix error'],3
Андрей Иванов,21,44,14,2,3,84,3,1,7.479122223778359,[],4
Владмир Кировский,31,34,11,58,37,171,1,1,7.076067197880233,['review this'],2
Денис Стоев,20,32,47,31,42,172,3,3,7.530858562841907,['review this'],6
Дмитрий Иванов,58,53,5,14,43,173,3,3,9.452621880026534,['review this' 'fix bugs' 'fix errors'],6
Валерий Троцкий,4,44,42,29,54,173,3,3,7.032055700182484,['fix bug' 'update' 'fix bug' 'fix errors'],6
Виктор Краснов,35,37,10,52,40,174,4,1,7.3820745020425,['fix errors' 'add' 'create'],5
Валерий Камышев,57,39,54,55,2,207,4,2,10.369555666427448,['add' 'update'],6
Олег Смирнов,50,47,46,10,21,174,3,1,9.088412093574751,['realization' 'fix errors' 'fix bug'],4
Андрей Герасимчук,31,28,55,26,23,163,2,1,7.378216150019642,['fix error' 'fix error' 'update' 'update' 'review this'],3
Олег Троцкий,21,34,26,30,29,140,4,3,8.54736767110099,['fix bug' 'fix error' 'fix bugs'],7
Дмитрий Кировский,46,20,1,41,53,161,3,2,6.337959737766599,['fix errors' 'create' 'fix bugs' 'review this'],5
Андрей Кировский,27,53,41,57,10,188,4,3,7.705294059373041,[],7
Владмир Смирнов,47,35,8,38,3,131,1,3,8.69413382494934,[],4
Андрей Кировский,3,3,45,25,8,84,3,2,8.723602900370038,['update' 'fix errors' 'realization'],5
Владмир Иванов,57,27,10,32,12,138,2,2,7.540552326931076,['fix bug' 'update'],4
Олег Смирнов,4,50,3,6,56,119,1,2,8.159896252040221,['fix error' 'fix error' 'fix bug' 'update' 'review this'],3
Валерий Смирнов,32,17,13,30,16,108,4,2,8.070479298172483,['fix errors' 'realization' 'fix bug'],6
Евгений Стоев,39,37,58,59,17,210,2,2,7.5731597824622625,[],4
Денис Троцкий,24,51,28,40,35,178,1,2,7.914710140851604,['update' 'fix bug'],3
Артур Герасимчук,51,13,46,34,42,186,2,1,6.189677652174397,['update' 'realization' 'connect'],3
Андрей Кирейчук,19,23,29,49,37,157,3,2,7.540968560843421,['realization' 'fix errors'],5
Виктор Астахов,35,2,14,25,53,129,3,2,9.435161887682339,['review this' 'review this' 'create' 'fix errors' 'update'],5
Андрей Астахов,41,15,52,14,20,142,1,1,7.25227109861059,['update'],2
Владмир Троцкий,27,23,42,60,30,182,2,2,8.893689061346699,[],4
Вадим Камышев,36,14,18,15,33,116,1,3,8.511946150863142,[],4
Виктор Кирейчук,24,32,59,35,59,209,4,1,9.923574717263277,['realization'],5
Вадим Астахов,21,32,32,55,15,155,2,1,7.61783040604216,['realization' 'fix error'],3
Виктор Стоев,44,56,50,28,49,227,3,2,8.550900647212279,[],5
Олег Смирнов,17,18,50,41,37,163,3,2,8.259440068527347,['connect' 'review this' 'fix errors' 'connect' 'add'],5
Дмитрий Троцкий,4,2,11,30,59,106,2,2,7.913255894980453,[],4
Владмир Стоев,49,14,5,36,14,118,4,3,7.060071696312241,['realization'],7
Вадим Троцкий,42,59,3,5,7,116,3,2,8.650184115018506,['update' 'update'],5
Денис Краснов,17,47,4,54,8,130,3,2,7.743804952962934,['review this' 'fix errors' 'fix bug'],5
Валерий Кирейчук,38,46,57,7,54,202,1,1,7.059635488376028,['fix error' 'update' 'update' 'fix bugs' 'review this'],2
Евгений Иванов,18,53,58,29,26,184,4,3,5.90894339370957,['fix bugs' 'fix error' 'fix errors' 'fix errors' 'fix errors'],7
Олег Иванов,46,27,37,15,4,129,3,1,8.775212250679141,['fix error' 'add' 'fix bug'],4
Валерий Стоев,16,3,28,45,50,142,2,2,6.959314203337033,[],4
Владмир Иванов,23,50,49,16,10,148,3,2,7.1774619194811935,['update' 'add' 'fix bug' 'connect'],5
Вадим Троцкий,44,50,25,10,23,152,2,2,6.449347096995189,['fix bugs'],4
Виктор Герасимчук,5,2,25,33,21,86,3,1,8.712166188532388,['review this'],4
Артур Краснов,17,12,16,9,41,95,3,2,7.762119434872855,['connect' 'fix bug' 'fix error'],5
Артур Стоев,25,26,7,23,39,120,3,1,7.458800952226437,[],4
Андрей Троцкий,57,40,17,46,30,190,2,1,6.5983034188099925,['fix error' 'fix errors'],3
Вадим Камышев,29,30,12,47,44,162,2,1,7.548000517534283,['review this' 'add' 'create' 'update'],3
Евгений Иванов,37,19,17,9,53,135,3,2,7.239182430111716,['fix error' 'fix bugs' 'connect' 'connect'],5
Андрей Камышев,23,35,10,43,58,169,3,3,7.549119555169758,['realization' 'add' 'realization'],6
Денис Кирейчук,35,18,24,27,56,160,4,3,7.652227966865656,['add' 'connect' 'realization' 'fix error'],7
Дмитрий Стоев,19,4,50,4,49,126,2,2,8.773901411701646,['fix bugs' 'add' 'fix bugs' 'add'],4
Виктор Кирейчук,11,1,29,13,50,104,4,1,9.413980259837341,[],5
Артур Герасимчук,51,5,31,53,58,198,4,3,8.589849437785013,['fix error' 'realization' 'create' 'connect'],7
Олег Смирнов,30,30,1,4,29,94,1,3,7.113995612734776,['connect'],4
Андрей Иванов,1,20,54,60,19,154,1,1,7.631108123130455,['fix errors' 'create' 'connect'],2
Владмир Троцкий,15,10,39,52,18,134,2,3,7.404976751707116,[],5
Виктор Краснов,49,34,60,47,12,202,2,3,8.166791523932185,['fix error' 'connect' 'add'],5
Артур Камышев,55,19,36,20,9,139,1,1,8.25118656185096,['fix errors' 'fix bugs' 'fix errors' 'fix error'],2
Вадим Стоев,31,8,58,42,13,152,1,3,7.641669393682944,[],4
Денис Кировский,31,49,51,39,10,180,4,1,8.906062105678522,[],5
Дмитрий Троцкий,25,29,60,17,24,155,4,2,7.122109766327051,['fix bugs' 'review this' 'fix error' 'fix errors' 'fix error'],6
Олег Троцкий,11,35,21,14,54,135,2,3,7.707991672724382,['fix error' 'fix errors' 'create' 'review this'],5
Валерий Иванов,2,57,46,16,10,131,2,2,6.700873534304037,['fix bugs'],4
Дмитрий Троцкий,5,14,6,34,41,100,2,3,8.822073620436669,['fix bugs'],5
Дмитрий Камышев,17,37,20,41,17,132,1,1,9.549802170642472,['fix bug' 'add' 'create' 'review this'],2
Валерий Кировский,36,45,35,50,43,209,4,1,9.840516211632,['fix bugs' 'add' 'create'],5
Артур Стоев,6,13,12,1,26,58,2,2,7.772018858259768,['realization' 'fix error' 'add'],4
Евгений Иванов,4,2,8,18,19,51,1,2,8.041812051839845,['fix bug' 'realization' 'update'],3
Андрей Кировский,20,41,20,46,11,138,1,1,7.6445590746498855,[],2
Евгений Астахов,41,58,51,21,30,201,1,2,7.517977451070611,['fix errors' 'connect' 'create' 'connect'],3
Валерий Камышев,44,36,26,4,30,140,4,1,6.127246796427391,['review this' 'fix error'],5
Олег Троцкий,28,16,27,10,6,87,3,1,8.460489974376276,['create' 'fix error' 'update' 'realization' 'fix errors'],4
Евгений Краснов,45,1,39,47,8,140,4,3,6.760790973093496,[],7
Дмитрий Кирейчук,46,13,57,8,17,141,1,2,6.626260844648856,['add' 'review this' 'connect'],3
Денис Кирейчук,41,48,8,50,28,175,3,3,7.864646622082817,['create'],6
Владмир Астахов,58,29,48,22,38,195,4,2,8.768280036512849,['connect' 'fix error'],6
Дмитрий Смирнов,6,15,20,11,16,68,1,3,7.889262597777045,['realization' 'connect' 'fix errors' 'fix errors'],4
Вадим Герасимчук,4,40,25,11,16,96,3,1,7.354205157525843,[],4
Артур Астахов,3,48,4,38,30,123,1,2,7.075993725743436,['connect' 'add' 'fix bugs' 'review this' 'fix bugs'],3
Виктор Троцкий,28,16,6,19,17,86,2,1,8.236146370250953,['fix error' 'add' 'fix errors'],3
Андрей Смирнов,57,49,10,49,44,209,2,1,7.330020468923458,['fix bugs' 'connect' 'create' 'add'],3
Дмитрий Кирейчук,18,25,12,29,24,108,1,1,8.210400900661666,['fix bugs' 'fix bugs'],2
Виктор Камышев,43,43,3,7,8,104,4,2,7.752429575567436,['review this' 'fix errors' 'create'],6
Андрей Камышев,21,46,29,21,22,139,2,1,6.2262097488571735,['connect' 'realization'],3
Артур Стоев,20,22,34,4,44,124,2,3,6.121197702561908,[],5
Валерий Герасимчук,1,37,47,7,53,145,2,3,6.927487567126322,['create' 'review this' 'fix error'],5
Артур Смирнов,2,31,24,54,9,120,4,1,6.225070447138799,['connect'],5
Владмир Герасимчук,13,28,51,41,50,183,2,3,8.798951633064954,[],5
Андрей Камышев,27,26,42,9,14,118,4,1,9.077556018609776,['fix bugs' 'fix errors' 'review this'],5
Дмитрий Герасимчук,48,57,46,6,47,204,2,2,6.872367137470803,['fix bugs' 'fix bug' 'fix bugs'],4
Валерий Стоев,7,58,15,16,13,109,1,2,9.273215593941973,['create'],3
Денис Герасимчук,5,17,17,53,23,115,4,3,8.732930693935765,[],7
Артур Стоев,51,18,46,2,45,162,4,2,7.790037692533018,['connect' 'add' 'realization' 'fix error' 'fix bug'],6
Вадим Иванов,38,16,19,33,12,118,4,2,7.930987757000171,['realization'],6
Олег Астахов,28,9,60,2,21,120,3,3,7.921671428215127,['review this' 'fix error'],6
Артур Камышев,25,54,6,19,55,159,2,3,7.487162463660811,[],5
Артур Смирнов,43,9,39,27,19,137,1,1,7.753507762071059,[],2
Артур Троцкий,56,19,56,7,48,186,3,2,8.431433701209091,['fix errors' 'fix bugs'],5
Евгений Астахов,35,29,3,19,20,106,2,1,7.061198837321859,[],3
Андрей Иванов,31,46,49,35,42,203,2,2,7.217304272065154,['fix bugs' 'fix bugs' 'add' 'review this'],4
Валерий Троцкий,25,0,11,50,40,126,4,2,8.653941754031,['fix error'],6
Дмитрий Кирейчук,25,21,54,20,12,132,3,1,8.272085636815193,['review this' 'fix errors' 'add'],4
Олег Краснов,51,34,14,33,2,134,4,2,6.230564625375506,['fix error' 'connect' 'add' 'realization'],6
Вадим Троцкий,43,23,19,27,12,124,4,3,6.849856086936986,['fix bug' 'fix error' 'create' 'fix error' 'add'],7
Валерий Герасимчук,45,39,56,50,29,219,4,1,7.67585148751927,['connect' 'connect' 'fix errors' 'fix bug'],5
Дмитрий Иванов,8,20,22,28,26,104,4,3,7.793253223823921,['fix bugs' 'fix bug' 'update'],7
Дмитрий Краснов,16,58,44,12,40,170,4,2,8.154106136021332,['update' 'review this' 'fix errors' 'create'],6
Валерий Кировский,42,39,19,33,34,167,1,1,9.016007577975621,['fix bugs' 'review this' 'realization'],2
Олег Камышев,40,24,40,6,52,162,1,2,9.962294732416886,[],3
Виктор Иванов,54,37,57,53,49,250,3,3,7.177022591149918,['fix bug' 'fix bug'],6
Виктор Камышев,54,1,10,50,27,142,2,3,8.587815294490715,['review this' 'fix error'],5
Дмитрий Камышев,25,29,45,32,41,172,4,2,7.775398177447176,['connect' 'fix errors' 'realization' 'add' 'fix error'],6
Дмитрий Стоев,19,4,58,49,28,158,3,2,8.603645709860448,[],5
Владмир Троцкий,54,10,52,20,45,181,1,2,6.9953678803256345,[],3
Андрей Смирнов,13,14,11,52,47,137,3,2,8.784355434349091,['fix errors' 'fix bugs'],5
Олег Стоев,24,14,32,11,50,131,2,1,7.556796764242446,['connect'],3
Андрей Кировский,35,43,39,45,50,212,3,2,8.672620746265055,['fix errors' 'add' 'fix bug' 'fix error' 'fix bugs'],5
Андрей Смирнов,17,53,30,14,9,123,4,3,9.056877869939564,['add' 'update' 'realization' 'create' 'fix bugs'],7
Виктор Кирейчук,57,17,32,55,17,178,1,3,9.642902663960617,['add' 'realization' 'update'],4
Вадим Кировский,37,22,44,36,28,167,4,2,8.818097425779765,['update' 'fix error'],6
Андрей Краснов,37,43,47,11,23,161,4,3,8.237230766072699,['fix bugs'],7
Артур Краснов,17,20,2,33,27,99,1,3,6.087069700956048,['realization' 'fix bugs' 'fix error' 'review this'],4
Евгений Стоев,35,29,26,32,2,124,4,3,6.6165275439546765,['review this'],7
Валерий Краснов,56,50,33,5,33,177,4,3,9.442461440391073,['connect' 'fix bug' 'fix bugs' 'fix bug'],7
Олег Стоев,34,55,34,21,26,170,3,2,7.621692337524087,['connect'],5
Евгений Краснов,12,22,43,36,6,119,4,1,7.949296522763637,['fix bug' 'fix error' 'update'],5
Владмир Кирейчук,29,59,28,52,31,199,1,3,9.085841338431642,[],4
Олег Камышев,44,42,26,24,26,162,2,1,9.80586166658493,['connect' 'fix errors' 'review this' 'create' 'connect'],3
Виктор Камышев,6,30,18,3,22,79,2,3,8.151768985754849,['realization' 'review this' 'review this' 'create' 'add'],5
Дмитрий Камышев,15,32,10,27,47,131,2,3,7.931273614210545,['create' 'create' 'connect'],5
Дмитрий Астахов,49,13,17,20,42,141,1,3,9.323086113778334,['create' 'fix bugs'],4
Денис Герасимчук,17,14,1,11,41,84,1,3,9.00378172234179,['connect' 'fix errors' 'fix error' 'add' 'create'],4
Дмитрий Кирейчук,2,4,2,39,18,65,2,2,7.409205839462211,['realization' 'fix bugs' 'fix error'],4
Артур Герасимчук,55,50,48,16,26,195,3,2,8.559825383903506,['update'],5
Дмитрий Кирейчук,27,3,43,7,54,134,4,1,8.545173877226135,['add' 'connect' 'fix error' 'create' 'realization'],5
Олег Кирейчук,49,46,30,54,12,191,4,3,9.340141557868801,['fix bugs' 'fix error'],7
Вадим Краснов,38,9,23,35,16,121,2,2,6.836357053392672,['connect' 'review this' 'fix bug' 'review this' 'realization'],4
Дмитрий Герасимчук,51,14,20,26,7,118,3,3,6.835845266264244,['realization' 'fix bug' 'review this'],6
Денис Кировский,56,40,14,53,29,192,2,1,7.670685630116208,[],3
Владмир Троцкий,22,46,49,32,30,179,2,3,8.248162707253465,['review this' 'add' 'fix errors'],5
Артур Герасимчук,6,26,20,55,16,123,3,1,7.484471569522895,['review this' 'fix bugs' 'fix bugs'],4
Дмитрий Кировский,58,40,29,17,34,178,3,2,8.642323887690102,[],5
Валерий Астахов,29,35,45,49,17,175,3,3,8.471013828804974,['fix bug' 'fix bugs' 'add'],6
Валерий Стоев,45,2,6,27,16,96,4,3,8.082588280948576,['fix bug' 'update'],7
Дмитрий Астахов,16,15,28,45,37,141,2,3,8.593435821539618,['create' 'review this' 'fix errors' 'connect'],5
Евгений Астахов,43,3,53,47,25,171,1,2,9.02720267527501,['fix bug' 'fix bugs' 'create' 'review this' 'realization'],3
Владмир Стоев,6,45,48,49,5,153,2,2,8.86327510898837,['realization' 'realization' 'fix errors' 'realization' 'connect'],4
Виктор Кировский,9,44,10,56,37,156,4,1,7.51002639834843,['update' 'realization' 'review this'],5
Дмитрий Кировский,60,0,17,37,52,166,1,2,8.24755101083418,['create' 'fix bugs'],3
Виктор Стоев,34,13,43,60,20,170,4,3,7.704224040766038,[],7
Виктор Смирнов,53,33,56,49,40,231,1,2,6.2216008089901855,['review this' 'fix error' 'fix error'],3
Виктор Камышев,42,4,44,46,7,143,3,1,8.444256267959547,['create' 'update' 'fix error'],4
Дмитрий Краснов,57,29,18,31,5,140,1,2,6.380422977136962,['fix bugs' 'fix errors' 'realization' 'fix errors' 'create'],3
Евгений Камышев,42,31,5,36,53,167,1,2,6.97328255555553,[],3
Вадим Кировский,50,34,18,31,58,191,3,3,8.454837635399906,['realization' 'add' 'create' 'update' 'fix errors'],6
Олег Астахов,37,29,30,39,51,186,3,2,8.533223186728385,['fix error' 'connect' 'realization' 'create'],5
Валерий Астахов,42,29,36,1,17,125,2,2,9.090734862871493,[],4
Денис Герасимчук,21,9,28,50,41,149,1,1,6.795273597205837,['realization'],2
Вадим Стоев,26,18,51,41,21,157,2,3,7.4674696307408555,['connect' 'review this' 'fix bugs' 'update' 'review this'],5
Валерий Камышев,39,52,38,50,43,222,4,2,8.513424476398457,['realization' 'realization' 'fix errors' 'connect'],6
Олег Стоев,4,44,39,5,37,129,1,3,7.386532405250366,['connect' 'fix bug' 'realization' 'update' 'connect'],4
Виктор Иванов,12,57,13,58,46,186,1,1,7.6319347679736005,[],2
Андрей Краснов,37,16,58,46,43,200,1,3,8.928684210096572,['add'],4
Андрей Иванов,6,45,36,31,5,123,3,1,7.5590594667603765,['fix bugs' 'create'],4
Денис Астахов,24,38,27,25,46,160,3,1,7.64482158755667,['update'],4
Евгений Герасимчук,6,52,46,22,30,156,3,3,7.920563662658759,['fix error'],6
Вадим Камышев,38,46,59,5,1,149,4,3,6.2016077810527355,['fix errors' 'fix bugs' 'connect' 'add'],7
Евгений Герасимчук,13,52,43,32,45,185,2,2,8.798881780515243,['create' 'create'],4
Дмитрий Стоев,37,46,51,22,9,165,4,2,6.448031292361355,['fix bug'],6
Владмир Герасимчук,2,40,16,34,17,109,4,1,8.337936515735189,[],5
Олег Астахов,59,21,54,57,48,239,3,3,9.064705303078574,[],6
Виктор Троцкий,37,7,42,30,2,118,2,1,8.460448206843187,['fix bug' 'fix bugs' 'fix bugs' 'review this' 'update'],3
Андрей Смирнов,0,34,19,29,30,112,3,2,8.72440267831685,['review this' 'fix bug'],5
Владмир Камышев,27,22,35,42,59,185,4,2,9.642834858002498,['fix error' 'fix errors'],6
Вадим Астахов,57,12,34,55,3,161,3,1,7.380968321605111,['review this' 'connect' 'connect' 'realization'],4
Владмир Кировский,11,50,3,41,29,134,3,3,7.341256042018304,['fix bugs' 'create' 'add' 'realization'],6
Андрей Краснов,33,55,60,60,25,233,4,2,5.270640837651165,['update' 'fix error' 'fix errors' 'create' 'fix bug'],6
Андрей Стоев,23,23,25,55,12,138,2,3,7.746075431088488,['connect' 'connect'],5
Евгений Стоев,1,30,48,19,56,154,1,3,6.084571348797736,['fix errors' 'fix errors'],4
Евгений Стоев,4,34,35,30,13,116,1,2,9.501421973398266,['update' 'connect' 'realization'],3
Валерий Кировский,59,6,28,48,54,195,2,3,8.239258331688301,['fix error'],5
Евгений Кирейчук,55,6,30,56,25,172,1,3,7.379681053682575,['fix error' 'fix errors' 'fix errors' 'fix bugs' 'fix bug'],4
Валерий Камышев,4,6,18,22,43,93,4,3,8.882086134904268,['fix bug' 'fix bug' 'add' 'connect'],7
Андрей Краснов,37,53,46,54,47,237,3,3,7.015719052284977,['review this' 'add' 'review this' 'fix errors'],6
Дмитрий Стоев,44,35,13,7,2,101,1,2,9.430575516415553,[],3
Вадим Астахов,12,56,39,28,35,170,2,3,9.059647211183513,[],5
Олег Кирейчук,42,45,8,6,28,129,4,1,9.214434602676562,['fix bugs' 'connect' 'realization' 'add' 'create'],5
Дмитрий Краснов,45,28,36,56,32,197,4,3,7.8835512842293545,['update' 'connect'],7
Дмитрий Краснов,9,14,26,1,50,100,3,3,5.622314082422769,[],6
Вадим Кирейчук,23,10,55,43,25,156,1,3,8.418455796920345,[],4
Владмир Иванов,35,14,19,41,29,138,4,2,8.771734910600298,['connect' 'fix errors' 'update' 'fix bug'],6
Валерий Стоев,5,35,44,60,10,154,2,1,9.07826166095492,['review this'],3
Денис Астахов,5,44,30,58,52,189,2,3,8.644717347776174,['fix errors'],5
Олег Астахов,35,30,52,23,4,144,4,2,7.586494446685153,['fix bug' 'realization'],6
Вадим Троцкий,45,23,30,34,36,168,4,3,7.609315643113397,['realization' 'fix bug'],7
Виктор Смирнов,29,37,20,22,31,139,2,2,9.512774602683743,['create' 'connect' 'review this'],4
Артур Троцкий,5,40,34,1,23,103,2,1,6.676260468302022,['realization' 'create' 'fix errors' 'fix error'],3
Денис Смирнов,14,15,13,37,6,85,2,2,10.086568419037249,['fix bugs' 'realization'],4
Андрей Кирейчук,22,28,9,14,53,126,1,1,8.24288510286676,['fix errors'],2
Валерий Иванов,56,26,9,59,33,183,2,3,8.634359780978073,['fix bugs' 'update' 'fix errors' 'fix error'],5
Вадим Иванов,17,16,47,8,10,98,1,3,7.52059097411937,['update' 'create' 'connect' 'realization' 'create'],4
Андрей Камышев,44,41,10,35,58,188,3,2,7.223600423067092,['add' 'connect'],5
Дмитрий Иванов,32,43,23,42,55,195,3,1,9.455260262696443,['fix bug' 'fix bug' 'fix bug'],4
Владмир Иванов,28,58,38,57,48,229,2,2,6.542467952817422,['fix bugs'],4
Андрей Смирнов,56,35,48,29,15,183,3,3,7.666096766050291,['fix bug' 'connect' 'create'],6
Олег Иванов,15,49,36,25,10,135,4,1,6.953794641495726,['fix bugs' 'add'],5
Денис Герасимчук,37,56,30,49,31,203,3,2,7.362317236996892,['fix errors' 'connect'],5
Валерий Кировский,26,42,27,3,36,134,2,2,9.88659540789274,['fix error' 'realization' 'fix errors' 'add'],4
Дмитрий Астахов,40,46,3,6,0,95,2,2,7.910548294870583,['add'],4
Евгений Герасимчук,45,54,14,52,7,172,1,3,8.755035503353108,['fix error' 'fix bugs' 'fix errors'],4
Вадим Астахов,31,3,59,12,14,119,4,1,8.156055455929055,['add' 'fix bugs'],5
Владмир Иванов,51,36,35,19,21,162,2,1,8.946754143693104,['fix bug' 'fix bug' 'add' 'realization' 'fix bugs'],3
Андрей Кировский,2,5,17,13,27,64,3,1,7.58892729591257,[],4
Олег Астахов,15,11,17,58,45,146,1,1,8.896925028918083,[],2
Вадим Кирейчук,24,28,56,56,39,203,4,2,7.442345435117377,['add' 'add' 'realization'],6
Дмитрий Троцкий,25,32,56,24,47,184,2,2,8.984550241608925,['update'],4
Олег Краснов,28,55,46,23,30,182,2,3,8.269481701822814,['create' 'fix error' 'fix errors' 'realization'],5
Андрей Камышев,3,50,48,12,31,144,2,1,8.274758544784893,['connect' 'fix errors' 'fix errors' 'create' 'create'],3
Дмитрий Астахов,6,52,28,49,41,176,3,2,8.602249569565286,[],5
Дмитрий Кирейчук,4,25,13,22,45,109,2,1,9.003980316664855,[],3
Валерий Стоев,38,32,5,18,3,96,4,1,7.295196376414015,[],5
Виктор Астахов,44,52,17,59,15,187,2,3,7.452901328681763,['update' 'fix bugs' 'add' 'update'],5
Валерий Иванов,10,29,25,15,12,91,3,3,7.15323855682084,['create' 'fix bug'],6
Евгений Астахов,13,21,30,39,38,141,4,3,8.505614200434923,['fix bugs' 'fix bug'],7
Валерий Астахов,47,24,22,33,58,184,4,2,8.745164609847533,[],6
Олег Камышев,27,14,14,33,39,127,4,1,7.737047970248409,['fix errors' 'create' 'connect' 'create' 'realization'],5
Виктор Смирнов,16,41,38,20,48,163,3,2,9.287851461780518,['fix errors' 'fix bugs' 'review this'],5
Евгений Кировский,36,2,35,56,60,189,1,3,8.794762037243641,[],4
Владмир Кировский,12,42,46,4,46,150,2,3,8.099966088545589,['connect' 'fix errors' 'fix error' 'add'],5
Олег Астахов,0,53,55,25,60,193,1,2,7.629353194332066,['create' 'fix bugs'],3
Евгений Троцкий,44,39,12,46,37,178,3,1,8.50881805177403,['fix error' 'update' 'review this' 'review this'],4
Виктор Троцкий,31,43,33,12,38,157,1,2,10.066896724219976,['add' 'fix error' 'create'],3
Валерий Камышев,10,46,29,54,38,177,3,2,9.274367956457725,['create' 'update'],5
Валерий Краснов,28,54,30,12,1,125,1,2,9.332775907404852,['update' 'create'],3
Вадим Кировский,30,15,59,1,5,110,2,2,8.161765976847155,['review this' 'create'],4
Олег Кирейчук,53,37,54,50,11,205,3,2,6.377366439789009,['fix errors' 'fix bugs' 'connect' 'review this'],5
Евгений Троцкий,60,6,8,41,9,124,4,2,8.619355833048369,['fix bug' 'add'],6
Вадим Камышев,28,52,14,50,8,152,2,2,8.253127290112309,[],4
Валерий Иванов,50,1,49,22,26,148,1,1,8.110721158313726,['add' 'review this'],2
Артур Троцкий,11,46,22,37,27,143,4,1,6.252072031942261,[],5
Евгений Кирейчук,3,3,38,17,57,118,1,2,8.127916525367896,['fix bug' 'fix bug' 'review this' 'review this'],3
Валерий Стоев,50,32,49,56,21,208,4,2,9.821347607852742,['realization' 'fix bug' 'fix errors' 'fix bugs'],6
Вадим Камышев,59,60,59,50,52,280,4,1,7.109038197737237,['create' 'fix bugs' 'connect'],5
Олег Камышев,10,20,35,12,37,114,3,3,5.340223213443446,['realization' 'realization' 'fix error' 'update'],6
Артур Краснов,30,20,55,20,17,142,3,2,9.191373273879117,[],5
Виктор Астахов,15,2,0,14,5,36,1,2,11.092607234966382,['fix bug' 'fix bug'],3
Владмир Кирейчук,11,47,38,60,50,206,4,2,8.472930271009199,[],6
Артур Кировский,5,54,15,34,34,142,3,1,9.555982793867184,[],4
Валерий Кировский,14,27,19,8,37,105,2,3,8.869926893535736,[],5
Олег Стоев,15,8,39,47,43,152,2,3,7.36217895283142,['fix bugs' 'fix error' 'update' 'fix error' 'connect'],5
Олег Кирейчук,31,43,8,36,43,161,2,2,8.766703594929679,['fix bug' 'fix bugs' 'connect' 'add' 'connect'],4
Вадим Астахов,50,11,15,23,2,101,1,2,8.291926774976195,['realization' 'fix bug' 'fix bug' 'create'],3
Владмир Герасимчук,40,54,36,8,60,198,3,2,7.798795660891084,['create' 'connect' 'create' 'add'],5
Виктор Смирнов,10,59,48,37,5,159,4,2,7.664107497538618,['realization' 'update' 'fix bug' 'fix bug'],6
Артур Герасимчук,48,40,37,27,21,173,4,1,9.314979622051968,['realization' 'update' 'review this' 'review this'],5
Вадим Смирнов,51,25,37,41,20,174,2,2,8.942472654947782,['realization' 'fix bug'],4
Артур Иванов,16,5,24,3,29,77,2,1,7.482751524267579,['fix bug' 'connect'],3
Артур Стоев,50,44,9,5,20,128,3,2,7.098755797454932,['realization' 'create' 'add'],5
Олег Иванов,5,24,27,27,22,105,3,1,8.265211570185267,['realization' 'fix bugs' 'fix bug' 'add' 'fix bug'],4
Олег Троцкий,25,60,34,14,0,133,2,2,7.16368280789737,['fix bug' 'add' 'fix errors' 'review this' 'fix bug'],4
Олег Кировский,7,39,14,4,17,81,3,1,8.492064643411297,[],4
Андрей Камышев,45,42,21,43,58,209,2,3,9.906667208723356,['update'],5
Денис Краснов,34,51,39,4,59,187,3,3,11.44943372013147,['fix error' 'fix error' 'add'],6
Владмир Кирейчук,21,45,9,38,33,146,4,3,8.693401502050586,['fix errors' 'review this' 'create' 'connect' 'create'],7
Владмир Стоев,9,43,10,23,2,87,3,3,8.500251716673688,['update'],6
Евгений Краснов,12,57,11,8,33,121,1,3,8.899472971819621,['add' 'realization' 'fix bugs'],4
Артур Иванов,58,35,32,14,14,153,2,3,6.565519275257042,['fix errors' 'create' 'realization' 'fix error'],5
Олег Смирнов,60,11,49,52,14,186,3,2,8.397191683400894,['fix errors' 'fix bug'],5
Виктор Троцкий,40,44,60,8,2,154,2,3,8.898434998327886,['realization' 'fix bugs'],5
Денис Стоев,10,25,28,38,30,131,4,3,10.121322017183072,['update' 'fix bug' 'connect'],7
Евгений Троцкий,34,19,6,25,33,117,3,2,10.173351779195576,['review this'],5
Андрей Троцкий,38,45,9,7,27,126,4,1,8.388534002446857,['add'],5
Владмир Стоев,6,34,13,54,50,157,4,1,7.522714095241581,['realization' 'review this'],5
Андрей Стоев,33,53,19,18,34,157,3,1,7.597685391100607,['review this' 'fix bug'],4
Андрей Герасимчук,37,58,52,53,51,251,2,2,8.969600400557622,['fix error' 'update' 'connect'],4
Владмир Астахов,33,55,12,46,32,178,3,3,7.968739427704837,['fix errors' 'fix bugs'],6
Виктор Камышев,19,50,53,49,56,227,3,3,7.222320489859454,['add' 'add' 'fix errors'],6
Евгений Стоев,17,47,32,8,22,126,3,3,7.557592556326895,[],6
Евгений Астахов,58,25,58,39,33,213,4,2,8.053684762100966,['realization'],6
Олег Троцкий,13,28,10,48,23,122,4,1,9.981728672651926,['add' 'connect'],5
Артур Кирейчук,43,50,5,15,54,167,3,1,8.343884588683812,['update' 'add' 'create' 'fix error' 'connect'],4
Владмир Кирейчук,31,5,53,31,37,157,1,2,8.116914368278167,['fix bugs' 'fix errors' 'realization' 'create' 'update'],3
Дмитрий Кирейчук,41,1,45,49,52,188,3,2,7.966588767638057,['fix bug' 'fix errors' 'fix bugs'],5
Андрей Герасимчук,30,11,32,37,15,125,1,3,7.891660786595041,['realization' 'update'],4
Артур Камышев,52,17,40,27,13,149,4,1,7.667760848083377,[],5
Владмир Троцкий,47,20,37,20,13,137,3,2,8.906434758695179,['review this' 'fix error' 'fix errors'],5
Дмитрий Смирнов,57,42,55,33,54,241,3,2,7.16506232609008,[],5
Дмитрий Иванов,44,24,18,59,8,153,3,2,9.560822713221363,['fix errors' 'update' 'fix error'],5
Дмитрий Камышев,19,58,56,10,30,173,1,3,7.600825552112431,[],4
Евгений Стоев,28,36,20,54,38,176,4,3,9.192736809137834,['fix error' 'fix bug' 'connect'],7
Владмир Герасимчук,29,16,51,42,59,197,4,2,7.986285761942359,[],6
Владмир Кирейчук,4,59,58,43,11,175,1,3,8.46139983208774,[],4
Андрей Смирнов,15,48,50,46,29,188,4,2,7.883502929715393,['fix errors' 'realization' 'fix bug' 'create'],6
Андрей Герасимчук,24,41,1,15,45,126,4,1,8.241841284657518,['review this'],5
Вадим Герасимчук,42,51,7,33,32,165,2,1,9.393368830675477,['create'],3
Евгений Кирейчук,25,49,42,12,37,165,3,1,7.283281900170632,['connect' 'fix errors' 'fix bug'],4
Олег Кировский,20,21,25,52,37,155,2,1,8.262327659376343,[],3
Владмир Камышев,49,50,6,41,18,164,3,2,9.122334707844944,['fix bugs' 'review this' 'create' 'update'],5
Андрей Камышев,45,41,32,26,18,162,3,3,7.423243637311667,['add' 'fix errors' 'fix errors'],6
Виктор Кирейчук,45,30,21,48,37,181,1,1,6.13988192680877,['review this' 'update' 'fix bug' 'create' 'add'],2
Вадим Астахов,45,16,39,24,9,133,2,3,8.187747193899725,['add' 'fix error' 'review this'],5
Дмитрий Троцкий,38,8,7,56,15,124,1,2,9.486990968179501,['fix error'],3
Дмитрий Краснов,54,43,57,26,40,220,3,1,6.488926375035072,['fix error' 'fix bugs'],4
Денис Кирейчук,53,45,17,8,59,182,2,2,8.715468058284515,['fix bugs' 'review this' 'fix bug' 'review this'],4
Денис Герасимчук,54,2,7,33,0,96,2,1,8.238854282803347,['fix error' 'add' 'update'],3
Владмир Герасимчук,24,51,48,49,38,210,3,1,8.689722620166727,['review this' 'create' 'create' 'fix bug'],4
Денис Кирейчук,20,26,28,56,1,131,4,1,6.965957405980951,['connect' 'fix error' 'create'],5
Вадим Астахов,21,52,4,27,37,141,1,1,8.206298990591343,[],2
Виктор Кирейчук,30,17,58,19,49,173,1,2,8.381906701566876,['update' 'connect'],3
Дмитрий Камышев,5,16,30,59,10,120,4,3,9.060633923350208,['review this' 'add'],7
Владмир Троцкий,49,5,38,20,26,138,3,2,9.889626560304025,['add' 'fix error' 'realization'],5
Виктор Кировский,42,40,55,37,20,194,2,3,8.066619835296779,[],5
Андрей Стоев,11,30,16,36,51,144,3,1,7.724336339448441,['realization' 'fix error'],4
Денис Астахов,45,6,30,9,60,150,2,3,7.760947985434654,['fix bug'],5
Олег Камышев,43,57,8,29,53,190,1,2,6.465570890568602,[],3
Андрей Камышев,24,52,18,13,16,123,3,3,6.993000510050256,['realization'],6
Виктор Герасимчук,57,38,47,38,33,213,2,1,8.279510401119218,['fix bug' 'update'],3
Владмир Иванов,51,57,17,36,18,179,4,1,7.719590438094264,['fix errors' 'create' 'fix error'],5
Денис Стоев,14,58,2,34,44,152,4,3,7.710071656149038,['add' 'add' 'realization' 'realization'],7
Владмир Краснов,55,7,37,11,58,168,2,2,7.063738053060453,['fix bug' 'realization'],4
Евгений Кировский,19,19,26,31,14,109,1,1,6.90908393658154,[],2
Владмир Троцкий,23,26,52,0,49,150,3,2,7.527563495352298,['fix error' 'add' 'connect'],5
Вадим Герасимчук,31,12,9,55,59,166,1,3,7.220018716083504,['fix error' 'fix errors' 'review this' 'fix bugs' 'realization'],4
Артур Кировский,54,51,39,9,56,209,2,3,10.43804805838072,['fix bugs' 'realization' 'review this' 'review this'],5
Олег Кировский,56,32,2,42,49,181,2,3,8.853683473314415,['add' 'create' 'fix bugs'],5
Артур Смирнов,29,5,39,30,59,162,1,2,8.587542885405934,['fix error' 'connect' 'fix bugs'],3
Андрей Краснов,47,21,6,2,10,86,4,1,8.15398322450659,['realization' 'fix errors' 'fix bug'],5
Владмир Кирейчук,24,21,60,40,11,156,3,3,8.397238683947107,['create' 'update'],6
Виктор Троцкий,54,22,47,45,37,205,1,3,8.233857330974189,['fix error' 'fix bugs'],4
Дмитрий Герасимчук,20,33,42,41,49,185,4,2,6.965640168811907,['fix bug'],6
Денис Смирнов,59,56,27,43,20,205,4,2,8.736233552037431,['connect' 'add' 'fix errors'],6
Виктор Кирейчук,45,56,22,15,20,158,1,2,9.642044099183234,['fix bugs' 'fix errors' 'realization' 'realization'],3
Дмитрий Кирейчук,51,36,57,28,6,178,2,2,7.54630131533215,['fix errors' 'fix error' 'fix bugs' 'fix bug' 'create'],4
Андрей Камышев,49,56,13,29,19,166,3,2,7.462702311235573,[],5
Артур Кировский,56,44,26,59,25,210,3,3,6.775050107108678,[],6
Евгений Смирнов,3,10,18,37,2,70,3,2,9.639898144263212,['fix errors' 'add'],5
Олег Иванов,13,1,19,50,27,110,2,3,8.249102162415976,['update' 'create' 'review this' 'fix bug' 'fix bug'],5
Евгений Троцкий,22,51,4,24,27,128,2,1,9.802322826458834,['fix error' 'realization' 'add' 'review this' 'update'],3
Дмитрий Троцкий,50,40,59,40,14,203,2,2,7.377059370712336,['fix bug' 'review this'],4
Артур Иванов,17,32,60,56,32,197,3,1,8.358149890283046,['add'],4
Евгений Смирнов,16,26,22,25,11,100,4,2,6.910977002608226,['fix bug' 'fix bugs' 'create'],6
Евгений Стоев,51,4,7,55,35,152,2,2,8.26825718675973,['fix bug' 'connect' 'fix error' 'add'],4
Андрей Стоев,30,51,38,5,50,174,1,2,10.14984284167314,['add' 'update'],3
Артур Кирейчук,60,15,51,25,37,188,3,1,7.6798048716175416,[],4
Виктор Смирнов,36,27,9,20,7,99,2,2,6.43622083234443,[],4
Олег Смирнов,15,2,33,44,13,107,2,1,6.200648288180913,['update'],3
Олег Смирнов,16,11,4,22,40,93,4,2,7.6417134809117035,['review this'],6
Денис Камышев,25,57,27,13,45,167,3,1,8.444132893246346,['connect' 'fix bugs' 'review this' 'fix bugs'],4
Евгений Стоев,17,39,17,43,49,165,2,3,9.0687746109928,['fix error' 'realization' 'fix bug' 'fix bugs'],5
Дмитрий Стоев,32,19,1,7,32,91,4,3,9.04364724822964,[],7
Дмитрий Стоев,12,60,39,22,28,161,4,1,9.9541272491473,[],5
Андрей Иванов,41,43,2,23,2,111,1,3,7.433720883622996,['realization' 'add' 'create' 'fix errors' 'fix bug'],4
Дмитрий Иванов,55,10,32,5,41,143,3,2,9.56990208802149,['connect' 'fix error' 'update' 'add' 'fix bug'],5
Вадим Стоев,39,15,14,60,38,166,3,1,8.809038379395197,[],4
Денис Краснов,5,17,29,2,23,76,4,1,7.727790033202172,[],5
Дмитрий Стоев,37,52,51,18,28,186,1,3,8.622190739469271,['update' 'connect' 'fix errors'],4
Виктор Смирнов,21,37,24,48,50,180,2,2,8.350236813133055,['fix error' 'fix errors' 'add'],4
Виктор Астахов,33,60,3,6,56,158,3,2,6.975363460944722,['fix bugs' 'connect'],5
Олег Кирейчук,12,24,15,17,13,81,3,2,7.7700701113507185,['create' 'create' 'update' 'fix error'],5
Денис Иванов,8,9,57,10,57,141,4,3,8.072523113407554,[],7
Дмитрий Камышев,40,8,7,34,26,115,3,2,10.80922012653966,['create' 'fix errors' 'create' 'connect'],5
Евгений Кирейчук,1,20,33,48,44,146,3,1,8.43881386712656,[],4
Олег Кировский,27,5,43,43,47,165,2,3,9.539315224750554,['fix error' 'connect' 'realization' 'fix errors' 'review this'],5
Денис Смирнов,55,28,46,8,36,173,3,2,8.450422643376731,['connect' 'fix bug' 'create'],5
Евгений Троцкий,13,40,1,55,34,143,1,2,10.77801808953697,['realization' 'fix bug' 'connect' 'fix error' 'add'],3
Вадим Камышев,59,20,23,42,25,169,4,2,8.324120442306628,['fix bugs' 'add'],6
Валерий Герасимчук,40,28,18,25,23,134,2,3,8.532258268867224,['create' 'fix error' 'review this'],5
Олег Герасимчук,46,32,6,12,19,115,2,1,10.290893434331801,['fix bug' 'connect' 'fix error' 'fix bug'],3
Валерий Кировский,12,58,53,27,29,179,2,1,5.953748172426803,['connect' 'fix bug' 'create' 'update' 'update'],3
Виктор Троцкий,11,15,46,38,30,140,1,2,6.788193258636298,['fix bugs'],3
Виктор Герасимчук,14,35,42,34,53,178,1,1,7.953944970206343,['connect'],2
Виктор Герасимчук,7,43,8,42,23,123,4,1,6.983740611364488,[],5
Андрей Стоев,54,13,28,46,21,162,3,1,7.5465230048380585,['update' 'realization' 'review this' 'fix error'],4
Артур Краснов,43,41,41,24,29,178,1,3,7.855467413381861,['fix error'],4
Андрей Герасимчук,43,8,11,53,19,134,1,2,7.075060939598873,['realization' 'connect'],3
Вадим Троцкий,57,42,38,24,53,214,1,1,8.046490029532931,['create' 'update' 'connect'],2
Олег Иванов,54,14,51,41,54,214,3,3,7.293082631892931,['create' 'update' 'realization' 'fix bugs' 'create'],6
Евгений Астахов,46,9,43,52,39,189,2,2,8.682549962743309,['fix bugs'],4
Валерий Иванов,3,18,6,18,57,102,3,3,9.771401773959088,['connect' 'create'],6
Владмир Кировский,59,3,49,19,10,140,1,3,8.761223279442106,[],4
Андрей Стоев,4,28,22,49,12,115,1,3,8.718654999107143,[],4
Денис Кировский,26,45,56,16,2,145,2,2,6.91017378800508,['fix bug' 'fix bugs' 'fix error' 'fix bugs'],4
Евгений Кировский,23,7,9,34,1,74,2,2,7.1161061124528,['fix bug' 'update'],4
Олег Стоев,4,53,42,1,23,123,1,2,8.545027777495964,['fix errors'],3
Артур Троцкий,48,31,14,17,10,120,3,2,9.412357926496497,['connect' 'update' 'fix errors' 'fix bug' 'add'],5
Дмитрий Герасимчук,26,28,47,50,46,197,1,3,8.024187026653676,['review this'],4
Вадим Кирейчук,18,36,23,31,60,168,1,1,7.707655653397313,['connect' 'add' 'fix bugs'],2
Виктор Кирейчук,57,13,36,41,10,157,1,3,7.742020314768483,[],4
Артур Камышев,28,54,56,54,5,197,1,1,8.334450338098536,['add' 'review this' 'fix error'],2
Денис Стоев,14,53,31,20,3,121,1,3,9.308579537532907,['realization' 'add' 'add' 'update'],4
Андрей Камышев,54,38,53,17,47,209,3,2,8.903392175750406,['fix bugs' 'fix bug' 'connect' 'fix errors'],5
Артур Герасимчук,48,20,9,54,25,156,1,1,6.811208484791974,['fix bugs' 'create' 'update' 'fix errors'],2
Артур Троцкий,57,12,18,12,60,159,1,3,7.958847392609988,['connect' 'realization' 'fix errors'],4
Андрей Кирейчук,35,11,30,29,45,150,4,2,7.140052709960157,['fix bug' 'fix error'],6
Валерий Иванов,6,49,13,43,56,167,2,3,8.216348169279815,['fix bug' 'fix errors'],5
Валерий Иванов,51,53,44,4,41,193,3,1,8.280597761643019,['connect'],4
Виктор Иванов,5,4,37,4,59,109,1,3,8.795936543320332,['connect'],4
Вадим Стоев,48,17,33,52,40,190,1,1,7.090133028576715,['update'],2
Олег Смирнов,1,43,25,49,30,148,4,1,8.619281000183726,['review this' 'fix error' 'review this'],5
Виктор Троцкий,20,38,19,3,46,126,1,2,7.180847093568584,[],3
Андрей Иванов,24,28,42,14,37,145,1,1,9.124548759218408,['fix bugs' 'connect' 'fix error' 'add' 'realization'],2
Валерий Краснов,57,40,41,47,57,242,1,2,7.19800884306038,['realization' 'update' 'fix errors' 'fix bug'],3
Олег Камышев,57,18,14,23,3,115,3,3,7.918523501005987,['update' 'review this'],6
Вадим Кировский,35,32,31,19,58,175,1,1,8.071171964225396,['fix error' 'connect' 'fix bug'],2
Денис Кирейчук,3,13,53,49,10,128,2,3,7.613353259739844,['connect' 'fix errors' 'update'],5
Владмир Герасимчук,57,60,38,13,17,185,1,1,6.541946144983204,['review this' 'create' 'update' 'add'],2
Валерий Камышев,6,41,38,25,26,136,4,2,6.845554750067842,['review this' 'add' 'fix bugs'],6
Вадим Кировский,52,38,51,25,10,176,1,1,8.46405079297666,['realization' 'update' 'create'],2
Виктор Кировский,41,28,41,1,35,146,1,1,6.1036082174880635,['create' 'realization'],2
Олег Смирнов,41,57,28,2,7,135,3,2,7.605686202913306,['realization'],5
Артур Кирейчук,10,46,52,12,2,122,2,1,8.57187378924537,['realization'],3
Артур Камышев,39,22,5,19,37,122,1,1,7.256538198379598,['fix errors' 'realization' 'connect' 'fix bugs' 'create'],2
Андрей Смирнов,29,45,3,35,16,128,4,2,7.698721066991721,['fix bugs'],6
Владмир Кировский,37,46,51,27,50,211,1,1,6.571632976931875,['update' 'create' 'fix error'],2
Виктор Камышев,36,26,27,19,4,112,1,1,10.113388417969272,['fix error' 'review this' 'review this' 'fix errors' 'create'],2
Андрей Герасимчук,30,16,49,5,31,131,3,3,7.921164850017607,['add' 'fix error'],6
Вадим Иванов,34,14,57,40,24,169,2,2,8.848575631334981,['connect'],4
Вадим Смирнов,41,40,29,12,49,171,3,2,7.491216338857246,['add' 'fix bug' 'update'],5
Артур Стоев,45,41,58,1,7,152,3,2,6.9166614299709215,['connect' 'fix bugs' 'fix bugs'],5
Владмир Кирейчук,44,23,56,17,48,188,2,1,7.7920430243607335,['create'],3
Виктор Кировский,48,35,50,18,20,171,3,3,7.485284801905114,['fix error' 'create' 'update' 'review this'],6
Евгений Смирнов,60,49,5,35,23,172,3,3,7.951721625687673,[],6
Дмитрий Краснов,59,38,12,50,59,218,1,2,9.823873342126348,['update' 'fix bug'],3
Евгений Герасимчук,26,44,37,44,41,192,3,1,8.570650508872072,['connect'],4
Артур Кирейчук,22,21,26,57,48,174,1,3,7.202518706519109,['connect' 'fix error' 'add'],4
Артур Смирнов,48,18,35,47,0,148,2,2,7.3753667401427485,['create' 'fix errors' 'fix bugs'],4
Денис Кирейчук,54,55,57,47,43,256,4,2,6.840068334427784,[],6
Евгений Смирнов,15,34,6,54,52,161,2,1,8.469841045639422,['update' 'review this'],3
Олег Смирнов,8,23,47,10,60,148,1,1,8.16765206603602,['fix bug' 'fix errors' 'connect'],2
Олег Иванов,42,39,26,30,18,155,2,3,7.990270635628107,['create' 'realization' 'connect' 'review this' 'update'],5
Олег Стоев,46,37,29,10,3,125,2,3,7.626605316120291,['fix bugs' 'review this'],5
Виктор Герасимчук,41,42,11,20,54,168,3,3,8.08960141263681,['fix bug' 'review this'],6
Владмир Кирейчук,31,50,4,17,9,111,2,3,6.806979599976056,[],5
Владмир Стоев,22,42,59,46,37,206,3,2,8.701689060313416,['fix bug' 'fix bugs' 'realization' 'update'],5
Евгений Стоев,50,50,9,36,47,192,4,2,7.972088749735271,[],6
Денис Краснов,47,20,13,10,37,127,2,1,8.206354302836404,['fix errors' 'fix errors' 'fix bugs'],3
Олег Стоев,35,21,20,58,13,147,4,3,9.143966947975594,['fix error'],7
Евгений Герасимчук,42,24,49,25,50,190,4,1,7.936817385169552,['review this' 'fix bugs' 'fix error'],5
Валерий Кировский,2,9,25,38,2,76,2,2,7.78139257925638,[],4
Владмир Кировский,57,60,29,44,15,205,4,3,8.776359736101849,['fix bugs'],7
Дмитрий Иванов,25,42,29,53,24,173,3,1,8.634944655998922,['review this' 'add'],4
Владмир Кировский,28,37,8,58,49,180,4,2,7.280749639329996,['add' 'fix bugs' 'create' 'fix bugs'],6
Евгений Краснов,33,22,3,44,23,125,2,1,9.867367992805661,['connect' 'create' 'realization' 'fix bugs' 'fix bug'],3
Олег Кирейчук,14,39,52,44,6,155,1,3,9.142167751314059,['fix error' 'realization'],4
Андрей Камышев,31,24,46,43,15,159,2,3,7.805690126873243,['realization'],5
Денис Герасимчук,53,32,49,16,30,180,4,1,8.596725216999431,['fix error' 'update' 'update'],5
Дмитрий Троцкий,31,25,43,49,27,175,4,1,8.336551319384728,['update' 'connect' 'fix errors' 'connect'],5
Вадим Герасимчук,14,58,34,43,31,180,2,1,7.6908320769390395,['realization' 'realization' 'create' 'realization'],3
Дмитрий Краснов,44,6,56,34,43,183,4,1,6.8169877483514085,['add' 'connect' 'update' 'add' 'fix bugs'],5
Андрей Астахов,18,59,31,45,52,205,2,3,7.9281312140116755,['fix error'],5
Дмитрий Камышев,3,34,12,7,48,104,4,2,8.667484217142228,[],6
Андрей Кировский,3,34,53,12,53,155,1,2,7.707552724584268,['update' 'connect' 'fix error' 'add'],3
Валерий Иванов,21,14,34,47,24,140,3,1,9.172092997172687,['connect' 'realization' 'fix bugs'],4
Евгений Герасимчук,7,29,32,59,1,128,2,1,8.558722830453931,['fix bug' 'realization'],3
Владмир Астахов,32,8,12,46,9,107,1,3,9.128673048413095,['create' 'connect' 'add'],4
Валерий Краснов,57,11,50,21,21,160,4,2,7.372382581827452,['connect' 'review this' 'fix bug' 'fix bugs'],6
Денис Астахов,28,59,7,32,11,137,2,2,9.026074801525324,['add' 'create'],4
Вадим Кирейчук,24,23,30,17,34,128,4,1,8.66863839572157,['create' 'fix bugs' 'fix bug' 'update'],5
Евгений Краснов,45,52,35,8,47,187,1,3,7.257366442426852,['fix bugs' 'update' 'realization'],4
Артур Астахов,18,36,12,43,49,158,4,2,7.381547441966575,['connect'],6
Денис Камышев,19,23,57,43,18,160,1,3,8.086878008828219,['fix errors' 'fix bug' 'fix errors' 'realization'],4
Вадим Кирейчук,15,48,8,10,59,140,4,1,7.254883424339607,['add' 'fix bug' 'update'],5
Денис Троцкий,53,53,6,49,36,197,2,3,9.239578050759091,['realization' 'realization'],5
Олег Стоев,43,54,40,11,32,180,2,2,7.4774852852765825,['fix error' 'connect'],4
Олег Краснов,13,20,41,22,51,147,4,3,7.017932961772357,['create' 'create' 'review this' 'create' 'create'],7
Владмир Троцкий,29,10,51,38,42,170,1,2,7.1134170132845576,['fix error' 'connect' 'add' 'review this'],3
Артур Астахов,54,35,42,42,30,203,3,3,7.581577655418128,['fix errors' 'realization' 'fix errors' 'review this' 'fix errors'],6
Виктор Смирнов,32,43,9,55,53,192,3,3,7.311955200732493,['fix errors' 'add' 'review this' 'create' 'review this'],6
Валерий Смирнов,32,40,14,58,29,173,3,1,7.272084577683856,['add' 'fix bugs' 'update' 'fix bugs'],4
Олег Кировский,31,15,58,38,16,158,1,2,8.02164832882429,['fix bugs' 'fix bug' 'create' 'add' 'fix bug'],3
Евгений Троцкий,18,59,26,19,9,131,4,1,6.5862511242145,['fix errors' 'update' 'fix error' 'update' 'add'],5
Валерий Камышев,54,31,33,56,51,225,3,2,7.61086205515524,['fix bug'],5
Владмир Стоев,42,57,53,3,18,173,2,3,7.032901951657149,['fix bug' 'create' 'add'],5
Владмир Герасимчук,38,59,27,6,18,148,1,1,8.471152452902118,[],2
Валерий Краснов,18,42,38,18,5,121,4,2,7.8566575840948785,['fix bug' 'create'],6
Вадим Иванов,53,16,58,59,24,210,3,2,8.101643772699063,['fix bug'],5
Вадим Краснов,15,25,28,14,52,134,3,2,8.235472672603414,[],5
Артур Смирнов,45,21,47,51,58,222,1,3,7.825652666150594,['update' 'update' 'connect'],4
Вадим Троцкий,41,13,20,36,36,146,2,3,7.0924569521311245,['create' 'fix error'],5
Евгений Стоев,28,51,55,12,22,168,3,2,7.432779561266592,['review this' 'fix bugs' 'add'],5
Артур Кирейчук,45,35,39,9,31,159,1,1,7.811528730467563,['add' 'fix bugs' 'update'],2
Андрей Иванов,49,35,7,25,54,170,4,2,7.538715541143419,['realization' 'create' 'fix bugs' 'update'],6
Валерий Стоев,43,8,52,13,6,122,4,1,7.472640609037281,[],5
Андрей Иванов,48,17,17,54,53,189,2,3,8.726485224111876,[],5
Валерий Стоев,46,36,25,16,59,182,4,1,6.74270523444518,['fix bugs' 'fix errors'],5
Олег Смирнов,51,12,10,38,21,132,2,2,6.8453312195697045,[],4
Денис Иванов,15,8,5,60,5,93,1,2,7.929204541451317,['create' 'create' 'fix error'],3
Евгений Смирнов,48,20,52,27,23,170,3,3,6.907412433245508,['fix errors' 'fix bugs' 'fix error' 'add' 'fix error'],6
Артур Троцкий,39,19,31,5,14,108,2,2,8.039627352291427,['fix bugs' 'fix bug'],4
Денис Кировский,11,18,57,1,18,105,2,1,9.07677138628983,['fix bugs' 'fix errors' 'review this' 'create'],3
Дмитрий Смирнов,60,35,48,0,56,199,3,1,8.837645451405674,[],4
Олег Иванов,20,12,5,4,57,98,3,1,7.694758975404323,['fix errors' 'fix bug' 'review this' 'review this'],4
Евгений Камышев,11,59,31,44,7,152,4,1,9.047373362848191,['review this' 'realization'],5
Владмир Троцкий,53,49,58,52,58,270,1,2,8.81837799961876,['create' 'create' 'fix errors' 'fix bugs'],3
Владмир Смирнов,2,45,38,50,6,141,1,3,8.130832809664781,['create' 'update' 'fix errors' 'realization' 'connect'],4
Денис Смирнов,10,33,15,39,47,144,3,1,7.376544875998993,['review this' 'add'],4
Валерий Кировский,33,46,14,8,24,125,1,1,7.9815506241055685,['fix bugs' 'realization'],2
Денис Иванов,45,12,16,18,40,131,3,3,8.28200471442707,['realization' 'realization' 'fix bugs' 'create'],6
Олег Кирейчук,16,59,21,52,54,202,1,2,7.773272903762455,[],3
Дмитрий Кирейчук,2,3,12,44,11,72,1,1,8.276067767033933,['fix bugs'],2
Вадим Астахов,44,6,17,47,54,168,3,2,8.043922693852897,['review this' 'review this' 'update' 'create'],5
Олег Камышев,59,27,1,17,6,110,2,2,5.8488741389847405,['add'],4
Вадим Кировский,36,47,27,34,21,165,4,1,7.381774268445542,['realization' 'add'],5
Вадим Троцкий,25,23,9,29,57,143,2,1,8.15517266548244,['fix bug'],3
Дмитрий Троцкий,38,53,41,19,16,167,3,2,5.79413055610356,['review this' 'fix error' 'add'],5
Андрей Камышев,27,5,54,1,8,95,2,1,8.142044777682402,['connect'],3
Виктор Камышев,43,42,46,56,37,224,3,3,6.759604060775526,['connect' 'fix bug'],6
Олег Кирейчук,38,21,14,28,23,124,4,2,8.102810610717585,['connect' 'add'],6
Евгений Иванов,19,56,51,26,58,210,1,3,8.125412958873321,['fix error' 'add'],4
Артур Троцкий,25,44,16,42,53,180,3,2,8.84958878653525,['fix bugs' 'update' 'connect' 'connect' 'create'],5
Валерий Смирнов,25,52,52,9,5,143,2,2,7.664928049874243,['review this' 'realization' 'add'],4
Вадим Герасимчук,12,9,47,17,28,113,4,2,5.887368343230007,['fix bugs' 'update' 'fix error' 'fix bugs' 'fix bugs'],6
Денис Камышев,1,35,10,15,35,96,2,1,7.034698198108083,['add' 'review this' 'fix bug' 'fix bugs'],3
Денис Камышев,53,37,46,58,2,196,1,1,9.120288404967585,['realization' 'connect'],2
Владмир Троцкий,36,22,9,49,39,155,2,2,6.470717865440264,['review this' 'add' 'review this' 'fix errors'],4
Вадим Камышев,36,53,33,47,5,174,1,3,8.719720703846006,['fix bug' 'fix bug' 'connect' 'fix errors'],4
Артур Герасимчук,11,38,46,17,37,149,3,3,6.142791590535062,['update' 'fix bug' 'fix errors'],6
Олег Кирейчук,43,28,9,34,26,140,3,1,9.115793596797827,['fix error' 'create' 'update' 'fix bugs' 'create'],4
Евгений Камышев,42,6,55,44,20,167,2,2,7.1225086689168755,['review this' 'review this' 'add' 'add'],4
Денис Смирнов,18,3,26,52,51,150,1,2,8.112536836000086,['create' 'update'],3
Владмир Камышев,32,53,31,33,6,155,3,3,10.340949466340623,['realization' 'review this'],6
Евгений Астахов,2,5,2,39,1,49,3,3,7.522450709280636,['realization' 'fix bugs'],6
Андрей Стоев,39,35,3,54,17,148,3,1,8.947962508486889,['fix error' 'connect' 'fix error' 'fix bug' 'realization'],4
Олег Кировский,25,47,36,16,27,151,1,2,7.989224156135272,['create' 'realization' 'fix errors'],3
Вадим Краснов,32,34,5,12,24,107,4,2,8.282395704975796,['fix bugs'],6
Артур Герасимчук,13,55,10,51,6,135,2,3,9.195250652583358,['fix bug' 'create'],5
Евгений Камышев,4,27,25,33,4,93,4,3,9.513354619620094,['review this' 'fix bugs'],7
Евгений Герасимчук,40,52,36,6,55,189,1,1,8.495932796174182,[],2
Виктор Кировский,39,2,48,3,42,134,3,2,8.094311434087711,['connect' 'review this'],5
Евгений Иванов,25,23,36,13,46,143,1,3,8.117978136868155,['connect' 'connect' 'create' 'review this'],4
Олег Смирнов,21,19,26,57,41,164,2,2,8.035363199941637,['connect' 'review this' 'fix bugs' 'add'],4
Вадим Кировский,39,28,24,29,21,141,4,1,8.277204737439053,['add' 'fix error' 'fix error'],5
Виктор Иванов,54,15,27,49,39,184,3,2,10.791270054926906,['add' 'create' 'review this' 'fix bugs'],5
Валерий Кировский,2,54,25,52,31,164,1,3,7.562357322691844,['connect' 'fix bugs' 'update' 'create'],4
Виктор Камышев,9,11,25,51,26,122,1,3,8.268216678859465,['create'],4
Денис Кировский,2,35,21,50,49,157,4,2,7.43545553591415,['fix error' 'connect' 'connect' 'realization'],6
Валерий Кировский,33,8,5,51,55,152,2,1,7.059472435036434,['review this' 'connect'],3
Валерий Троцкий,35,30,9,15,50,139,2,2,8.54432827750822,['connect' 'fix bugs' 'connect'],4
Андрей Смирнов,38,49,0,49,24,160,1,1,7.252704123524435,[],2
Дмитрий Кирейчук,6,46,27,37,54,170,1,1,6.198816672702649,[],2
Дмитрий Кирейчук,27,7,40,47,27,148,2,1,10.630248112239196,[],3
Евгений Смирнов,58,17,38,37,57,207,4,1,8.707245310220191,['fix error'],5
Андрей Астахов,3,38,4,44,56,145,3,2,7.953015815570923,['update' 'connect' 'realization' 'fix bugs'],5
Дмитрий Кирейчук,29,24,48,52,44,197,1,2,8.357526613704994,['review this'],3
Валерий Герасимчук,20,24,41,32,40,157,2,2,8.61216667318511,[],4
Дмитрий Герасимчук,46,2,12,5,28,93,4,1,8.737428416524317,['fix bug' 'fix bugs'],5
Андрей Кирейчук,30,50,53,15,54,202,4,3,8.233873153109048,[],7
Виктор Иванов,30,26,58,13,58,185,1,2,7.706093170417745,['realization' 'fix errors' 'fix bug' 'fix bugs' 'fix bugs'],3
Денис Троцкий,37,57,51,36,57,238,3,2,8.267727649003634,[],5
Владмир Смирнов,12,20,57,20,2,111,2,1,7.678287960057272,[],3
Артур Смирнов,52,8,7,45,13,125,3,2,9.027769897945882,['realization' 'realization' 'realization'],5
Андрей Герасимчук,15,51,25,13,19,123,3,1,7.78493240991163,['fix error' 'update' 'add' 'realization' 'fix bugs'],4
Дмитрий Краснов,6,42,42,23,37,150,1,1,8.781825511653093,['fix bugs' 'create' 'fix errors' 'fix errors'],2
Денис Герасимчук,0,46,23,53,14,136,4,3,8.482670239938388,[],7
Денис Герасимчук,59,11,23,30,48,171,3,3,9.399385192972462,['fix bug' 'update' 'fix errors'],6
Денис Троцкий,52,4,50,34,42,182,2,3,7.907994732617752,['review this' 'update' 'realization' 'connect'],5
Олег Смирнов,7,41,45,54,43,190,2,1,6.629807259603609,['create' 'realization' 'review this'],3
Олег Астахов,5,15,18,31,53,122,4,1,7.785681921257086,[],5
Владмир Кирейчук,26,49,10,47,58,190,3,1,7.375715973497854,['update' 'fix error' 'connect'],4
Виктор Троцкий,40,41,34,11,40,166,3,2,7.804685050720428,['fix bug' 'fix bug' 'fix errors' 'fix bugs' 'fix bugs'],5
Дмитрий Камышев,23,42,12,42,17,136,1,2,6.0418030592878464,['review this' 'fix errors'],3
Андрей Камышев,22,58,13,56,42,191,2,1,8.794396897111742,['realization' 'fix bug' 'fix errors'],3
Валерий Камышев,40,32,16,57,60,205,2,3,6.308654529976987,['add' 'fix error'],5
Олег Кирейчук,56,53,58,35,1,203,2,1,8.58006948384863,['fix errors' 'fix errors' 'fix bug' 'realization' 'update'],3
Артур Кирейчук,51,25,55,4,32,167,4,2,8.558778225227194,[],6
Олег Стоев,46,38,15,10,19,128,2,3,8.863257849508722,[],5
Вадим Камышев,46,6,39,48,4,143,4,3,8.48974403727503,['review this'],7
Владмир Кировский,43,18,30,7,58,156,3,3,8.929927882869373,['update' 'fix error' 'create' 'connect'],6
Виктор Кирейчук,5,45,17,53,18,138,1,3,7.355863403896174,['update'],4
Вадим Камышев,44,39,57,3,12,155,3,1,7.786057222845549,['realization' 'fix bug'],4
Артур Кирейчук,6,60,20,25,51,162,1,2,6.941849777945364,[],3
Евгений Смирнов,59,11,5,24,36,135,4,2,7.05609768391196,['create' 'fix errors' 'fix errors'],6
Вадим Смирнов,9,30,23,31,28,121,2,3,6.384920194779435,[],5
Денис Герасимчук,7,11,26,41,46,131,4,1,9.95034715582754,['connect' 'review this' 'update' 'create' 'review this'],5
Дмитрий Иванов,55,20,10,32,53,170,1,1,5.637636462850829,['fix bug' 'fix error' 'realization' 'fix bug' 'update'],2
Дмитрий Смирнов,25,45,34,22,46,172,1,3,8.110821348950441,[],4
Евгений Стоев,20,59,45,21,30,175,3,3,7.561283183289996,['fix bugs' 'create' 'fix error' 'fix bug'],6
Артур Троцкий,41,42,22,45,42,192,4,3,9.602306450305214,['add' 'fix error'],7
Владмир Троцкий,21,15,34,6,13,89,2,2,8.717623216429214,['add' 'fix errors' 'update' 'fix error'],4
Андрей Кировский,19,53,4,9,17,102,4,1,8.273787691082896,['add' 'fix bugs'],5
Виктор Краснов,40,6,33,59,15,153,1,2,7.8598709466917365,['add' 'update' 'update' 'realization' 'fix bugs'],3
Андрей Троцкий,3,35,8,28,58,132,1,3,7.024382971448236,['fix errors' 'create'],4
Андрей Стоев,51,36,37,33,54,211,2,1,7.211005227739959,['fix bugs' 'review this'],3
Андрей Смирнов,20,2,55,59,45,181,2,1,7.418265706843869,['create' 'create'],3
Валерий Троцкий,2,1,1,47,58,109,3,3,8.214517292518952,['add' 'create' 'fix bugs' 'fix errors' 'fix errors'],6
Вадим Кировский,50,56,59,15,35,215,3,1,8.483516404310947,['fix error'],4
Дмитрий Троцкий,30,56,38,9,8,141,3,2,7.9359351783927226,['realization'],5
Денис Троцкий,4,26,31,26,12,99,2,3,7.401531805405285,['update' 'fix bug' 'connect' 'fix errors' 'fix errors'],5
Виктор Смирнов,51,10,26,58,12,157,1,3,8.374229604263734,['update' 'connect' 'connect' 'review this' 'add'],4
Евгений Камышев,42,59,39,54,10,204,1,2,9.436157943436282,['update'],3
Валерий Кировский,45,34,2,26,14,121,4,1,7.123802179745009,['update' 'update' 'fix bug' 'create'],5
Евгений Стоев,58,6,34,11,58,167,1,3,9.453414927952391,['update' 'fix error'],4
Валерий Герасимчук,10,50,52,2,31,145,3,3,9.205656976991467,['fix bugs' 'update' 'realization'],6
Андрей Кирейчук,8,40,17,24,29,118,2,2,8.12477963065726,[],4
Владмир Астахов,38,22,54,56,13,183,3,1,9.824433942454474,['fix errors'],4
Евгений Кировский,51,8,38,58,40,195,2,3,7.470210449349646,['realization' 'fix errors' 'fix errors'],5
Вадим Кировский,46,16,50,16,18,146,3,3,8.98228771355934,['fix bug' 'review this' 'realization' 'connect' 'add'],6
Андрей Троцкий,58,23,1,14,57,153,4,3,10.158390115859854,['realization' 'fix errors' 'fix bug'],7
Виктор Камышев,50,48,49,37,7,191,2,1,9.32429512372306,[],3
Денис Кирейчук,36,14,13,35,52,150,4,1,8.866425626049926,['connect'],5
Виктор Герасимчук,43,29,21,56,5,154,1,3,9.265648074981723,['review this' 'fix bugs' 'create'],4
Владмир Астахов,35,26,51,4,28,144,4,1,9.063950172484073,['review this' 'review this' 'review this' 'update' 'fix bug'],5
Олег Кировский,22,5,22,16,10,75,2,3,8.387853092893348,['review this' 'update' 'realization' 'fix bugs'],5
Денис Кирейчук,43,33,59,33,3,171,1,1,8.040412840258126,['create' 'connect' 'update'],2
Евгений Краснов,6,5,7,1,40,59,1,2,8.122408680713255,['fix error' 'fix bugs' 'fix error' 'create'],3
Евгений Троцкий,16,47,59,17,47,186,2,3,9.006655861189785,['fix bugs' 'fix bug'],5
Денис Смирнов,0,46,58,53,20,177,3,3,10.001624043797499,['connect'],6
Владмир Кирейчук,40,30,57,6,15,148,1,2,8.42246991829461,['connect' 'create'],3
Андрей Кировский,38,29,23,42,58,190,3,2,7.717823955072092,['create' 'fix bug' 'fix errors' 'review this'],5
Вадим Камышев,51,18,57,56,5,187,3,2,7.47962481248082,[],5
Дмитрий Кировский,26,49,50,13,58,196,2,3,8.257515780035526,['fix bugs' 'create' 'fix error' 'realization' 'connect'],5
Валерий Камышев,6,54,29,41,44,174,1,2,6.869927436329327,['fix bug' 'review this' 'review this' 'fix bug' 'review this'],3
Олег Кирейчук,28,44,29,18,20,139,3,1,7.463835977284544,['fix bugs' 'fix bug' 'add'],4
Денис Стоев,55,19,11,50,43,178,2,1,6.722260136747833,['fix error' 'fix bugs'],3
Виктор Герасимчук,53,47,21,59,15,195,3,1,8.488861644946981,['review this' 'create'],4
Денис Кирейчук,20,57,6,20,31,134,4,1,7.453705626482614,['connect'],5
Денис Камышев,33,45,27,10,6,121,2,2,6.823006607191439,[],4
Денис Кирейчук,27,28,58,59,50,222,2,3,9.147731103332225,[],5
Евгений Смирнов,18,59,37,58,29,201,3,1,8.949958201805476,[],4
Денис Троцкий,59,31,20,17,9,136,1,2,6.46843943274353,['fix bug'],3
Валерий Троцкий,38,7,58,15,14,132,4,1,9.735861924193484,['fix errors' 'add' 'update' 'fix bug' 'fix error'],5
Артур Астахов,36,33,27,29,0,125,1,2,8.533700866525567,[],3
Дмитрий Астахов,2,42,15,41,37,137,4,2,8.227503663449172,['add' 'fix error' 'fix bug' 'fix error' 'add'],6
Дмитрий Кирейчук,33,39,12,23,37,144,3,2,7.678795151214545,['add' 'connect' 'add'],5
Виктор Иванов,48,42,53,58,8,209,3,1,8.212601865842,['update' 'connect'],4
Валерий Смирнов,29,18,16,18,8,89,3,3,8.963403779404914,[],6
Дмитрий Стоев,7,9,15,10,42,83,2,2,6.186325414439805,[],4
Денис Герасимчук,57,9,33,46,22,167,4,1,8.177173241390378,['connect' 'update' 'connect' 'fix errors' 'fix errors'],5
Артур Иванов,17,3,9,48,27,104,1,1,8.554103501129482,[],2
Вадим Астахов,47,15,14,10,0,86,4,1,8.57320450574968,['review this'],5
Андрей Камышев,24,52,15,39,25,155,1,3,8.528978287891766,['update' 'add' 'realization'],4
Артур Иванов,42,52,18,43,10,165,4,1,8.59223326061638,[],5
Валерий Краснов,57,51,48,12,38,206,3,3,9.854240258895192,['add' 'fix bugs'],6
Дмитрий Герасимчук,44,40,27,31,58,200,1,3,9.116712635096205,['fix bug' 'fix bugs' 'update'],4
Виктор Смирнов,48,30,57,7,11,153,1,2,9.25909032123386,['fix bug' 'add' 'connect' 'review this'],3
Виктор Камышев,18,54,13,31,5,121,3,1,8.483418631554395,['create' 'realization' 'update' 'add'],4
Андрей Кирейчук,14,45,41,49,25,174,1,1,8.622723098726544,['fix error' 'update' 'fix errors'],2
Владмир Камышев,44,6,46,41,54,191,1,3,9.515973202927094,[],4
Вадим Герасимчук,33,19,59,40,59,210,4,1,8.525818747708929,['update' 'realization' 'add' 'review this'],5
Валерий Кировский,26,36,48,1,12,123,3,2,8.837954377225328,['fix errors' 'add' 'create'],5
Евгений Астахов,47,52,58,53,39,249,4,2,9.031013345589495,[],6
Евгений Кирейчук,49,22,59,37,55,222,4,2,8.642245680179613,['connect' 'update' 'create' 'fix errors' 'review this'],6
Евгений Астахов,31,28,23,32,35,149,1,3,5.639743688511238,['fix error' 'realization' 'create'],4
Андрей Кировский,46,17,33,43,44,183,3,2,7.6944237023860085,['add' 'realization' 'fix bug'],5
Андрей Краснов,3,30,48,35,47,163,1,1,9.255810610037152,['create' 'update'],2
Денис Астахов,6,29,25,31,37,128,3,2,8.596774566548149,['fix error' 'fix errors' 'fix error' 'add' 'review this'],5
Дмитрий Кирейчук,13,4,39,10,59,125,3,1,7.9393549820601175,['fix error' 'realization'],4
Вадим Смирнов,3,51,4,42,50,150,3,3,7.375626702496534,['realization'],6
Владмир Кировский,40,11,14,18,15,98,4,2,8.19165073533593,['fix errors' 'review this' 'fix bugs' 'create' 'fix bug'],6
Валерий Астахов,2,56,14,26,51,149,4,2,6.942055981020205,['add' 'connect'],6
Владмир Троцкий,11,25,14,43,9,102,1,1,9.069318008625364,['fix error' 'connect' 'fix bug'],2
Валерий Краснов,28,3,38,10,37,116,3,2,5.737421912197201,['realization'],5
Денис Троцкий,8,53,11,5,2,79,3,1,7.808908619692968,['fix errors'],4
Артур Иванов,6,31,2,14,47,100,4,3,9.213158282300636,['fix bug' 'create' 'fix bug' 'fix errors' 'review this'],7
Андрей Иванов,3,13,36,50,3,105,3,3,7.1738775732350115,['fix bug' 'connect' 'connect' 'review this' 'fix errors'],6
Владмир Смирнов,42,42,51,39,25,199,2,3,8.014801184666494,['fix error'],5
Артур Иванов,7,32,45,25,36,145,4,2,8.91867071194006,['fix bugs'],6
Дмитрий Астахов,52,35,46,54,40,227,1,1,6.907717424707216,['fix error' 'fix bugs'],2
Андрей Герасимчук,58,54,5,30,37,184,2,3,8.986667939917812,['fix errors' 'connect' 'fix errors'],5
Евгений Астахов,3,35,36,22,52,148,3,1,8.254118197755055,['fix bug'],4
Артур Кировский,37,21,37,37,27,159,2,3,7.598639644837204,['review this' 'review this' 'create' 'add'],5
Олег Астахов,59,38,55,14,5,171,2,3,7.785409619757585,['add' 'review this'],5
Олег Смирнов,37,54,6,8,28,133,3,1,8.847588589383724,['add' 'realization'],4
Олег Кирейчук,17,47,28,49,39,180,1,3,8.298052912538191,['fix bug'],4
Виктор Камышев,38,13,50,35,55,191,2,1,7.507137262349281,[],3
Валерий Троцкий,41,8,29,12,44,134,1,1,9.028228726622578,['add' 'realization'],2
Виктор Камышев,34,48,56,21,27,186,3,2,7.301413027553197,['fix errors' 'add'],5
Евгений Иванов,37,50,29,36,40,192,2,2,8.163888447393802,[],4
Денис Кировский,37,39,7,43,34,160,2,2,8.307060253777612,['fix bug' 'fix bug'],4
Андрей Краснов,38,37,43,52,21,191,2,1,7.361240317101972,['fix bug' 'fix bug' 'review this' 'update'],3
Валерий Герасимчук,51,10,8,40,16,125,1,2,8.075613089005248,['review this' 'add'],3
Артур Камышев,51,0,25,33,25,134,4,3,8.370846354354176,['fix errors' 'add' 'fix bug' 'create'],7
Виктор Камышев,54,2,18,29,20,123,2,1,8.692047587930748,['add'],3
Виктор Троцкий,28,29,22,57,46,182,2,2,6.1675537988379485,['review this' 'fix errors' 'connect' 'fix error'],4
Евгений Иванов,20,3,44,33,30,130,3,3,8.797889427395663,['fix errors'],6
Денис Герасимчук,43,42,23,20,22,150,3,2,6.858537101406235,['review this'],5
Олег Камышев,46,11,21,12,51,141,2,2,6.425274065442373,['create' 'review this'],4
Валерий Смирнов,39,28,6,27,1,101,2,3,9.202219351529237,['fix bug' 'fix bugs' 'fix error' 'fix errors' 'fix bugs'],5
Андрей Троцкий,45,39,9,24,44,161,4,1,6.737304618310082,['fix errors'],5
Владмир Кирейчук,55,39,25,30,7,156,2,2,5.417704019491799,['fix error' 'connect'],4
Виктор Кирейчук,28,28,31,57,5,149,3,1,6.6259721393076365,['connect'],4
Евгений Кирейчук,59,38,20,51,11,179,2,3,6.121389449515831,['fix error' 'fix bug' 'fix bugs' 'fix error'],5
Денис Троцкий,38,4,21,16,27,106,2,2,6.8312793964157486,[],4
Валерий Троцкий,52,24,33,57,27,193,4,2,8.014543774443544,['realization' 'realization' 'create' 'fix errors' 'add'],6
Виктор Герасимчук,2,19,44,49,38,152,3,2,7.055466529151772,[],5
Дмитрий Кирейчук,52,23,55,57,10,197,2,1,7.8254105244747505,['add' 'review this' 'fix bugs'],3
Артур Камышев,29,54,27,56,21,187,2,3,7.206987486792336,['realization'],5
Валерий Смирнов,42,25,38,43,49,197,1,3,9.834098128652245,['fix bug'],4
Андрей Иванов,51,52,54,36,30,223,3,3,9.401752347223757,['create' 'connect' 'fix bugs'],6
Евгений Герасимчук,37,56,5,5,23,126,4,1,8.02192434507067,['fix bugs' 'fix bug' 'fix bug'],5
Валерий Стоев,22,1,56,54,54,187,1,1,7.0226885361774025,['fix bugs' 'fix bugs'],2
Андрей Кировский,14,38,49,52,30,183,3,1,8.798159660071658,['add' 'create' 'fix errors'],4
Евгений Кирейчук,57,21,48,11,16,153,1,1,9.148401743124314,['update' 'fix bugs' 'fix bug' 'realization'],2
Артур Стоев,34,56,41,30,5,166,1,3,8.172140890177136,['fix bug' 'fix errors' 'fix bugs' 'create'],4
Валерий Астахов,57,24,21,23,38,163,4,1,7.839060452519932,['fix bug' 'connect' 'fix error' 'connect' 'connect'],5
Вадим Иванов,52,32,2,2,50,138,4,1,8.754095460589268,['update' 'update' 'create' 'add' 'update'],5
Денис Кировский,52,4,36,37,32,161,2,3,7.170142809133591,['fix bug' 'review this' 'fix bugs' 'add' 'fix errors'],5
Вадим Смирнов,39,29,42,17,8,135,2,2,9.398485334761112,['add' 'fix bugs'],4
Евгений Камышев,2,38,17,41,23,121,4,2,7.038670108736791,['realization' 'create'],6
Евгений Троцкий,56,36,56,30,9,187,4,2,7.988158222334788,['add'],6
Артур Троцкий,30,20,44,26,48,168,4,2,9.100484897217363,['create'],6
Виктор Астахов,50,54,45,2,6,157,4,3,7.8759349239271295,['create' 'fix errors' 'add' 'fix bugs' 'fix error'],7
Владмир Астахов,41,17,28,5,32,123,4,2,7.89272501375115,['fix bug' 'fix errors' 'create' 'fix errors'],6
Виктор Иванов,2,53,57,5,30,147,3,1,8.299619209704412,['create' 'fix error' 'review this' 'fix bugs' 'review this'],4
Андрей Иванов,29,44,59,7,40,179,4,2,8.28177517265176,['add'],6
Виктор Камышев,58,36,58,46,45,243,2,2,7.851017026631666,['fix bugs' 'update' 'connect' 'add'],4
Валерий Кировский,18,15,23,34,25,115,4,3,6.907387549597482,['review this' 'review this' 'fix bug'],7
Владмир Стоев,27,26,59,53,7,172,4,3,6.881040502546907,['fix bugs' 'review this' 'fix bug'],7
Евгений Краснов,37,14,50,37,39,177,4,3,6.79897543753482,[],7
Вадим Герасимчук,44,46,15,35,31,171,4,1,8.630930617771156,['fix error'],5
Владмир Кировский,10,30,21,6,59,126,2,3,8.597303633557972,['update' 'fix bug' 'fix errors'],5
Олег Краснов,55,58,38,47,12,210,2,3,9.252314843763068,[],5
Владмир Камышев,5,5,9,19,0,38,3,3,9.367577609608091,['update'],6
Андрей Иванов,9,56,24,31,55,175,2,3,8.377323603604953,['create'],5
Андрей Краснов,47,3,9,52,47,158,1,2,8.190928801691244,['realization' 'add'],3
Виктор Кирейчук,4,29,46,5,13,97,1,2,6.547051879513436,[],3
Артур Герасимчук,59,23,33,0,0,115,4,2,9.976954278115782,['fix errors' 'create' 'realization'],6
Виктор Троцкий,27,28,54,40,48,197,1,1,6.397748107232662,['connect' 'review this' 'fix errors' 'add'],2
Денис Кировский,13,1,24,55,21,114,3,3,7.058738136144338,['fix bugs' 'fix bugs' 'fix error' 'fix error'],6
Олег Смирнов,58,11,28,27,57,181,4,1,8.013988016055912,[],5
Олег Кировский,37,35,56,4,1,133,3,2,7.847226679318848,['fix bugs' 'add' 'fix errors'],5
Артур Астахов,3,40,14,25,1,83,3,1,9.606565950317798,[],4
Дмитрий Кирейчук,30,17,32,15,45,139,2,1,7.314259804687112,['update'],3
Валерий Троцкий,12,13,40,47,56,168,3,1,9.444042950992564,[],4
Евгений Герасимчук,44,25,52,26,30,177,1,2,9.034748371010355,['fix bug' 'update' 'fix error' 'fix bugs' 'connect'],3
Олег Троцкий,34,46,2,29,15,126,2,1,9.746053245101969,[],3
Олег Кировский,43,45,49,26,56,219,2,2,6.298974246789768,[],4
Валерий Астахов,29,53,16,23,37,158,2,1,7.216795029925357,['realization' 'fix bug'],3
Евгений Астахов,20,41,9,13,22,105,2,3,9.992140941185154,['connect' 'fix bugs' 'add' 'fix error' 'review this'],5
Дмитрий Краснов,1,2,20,37,36,96,1,2,6.921412840921793,['create' 'update' 'review this'],3
Валерий Камышев,31,37,40,57,4,169,2,2,8.500492820362968,[],4
Дмитрий Кировский,29,48,34,29,8,148,4,3,7.709106724977459,[],7
Олег Иванов,12,13,51,51,42,169,2,2,8.411785926486052,['connect' 'fix errors' 'add' 'connect' 'realization'],4
Виктор Камышев,55,21,25,3,18,122,2,2,9.14451581280466,['fix bugs' 'fix bug'],4
Виктор Кирейчук,53,53,39,5,9,159,1,1,6.602092160839378,['realization' 'fix bug' 'review this' 'connect'],2
Дмитрий Астахов,25,18,30,6,60,139,1,3,8.542704192066662,[],4
Олег Иванов,30,48,57,20,27,182,1,2,8.159816890847276,['update'],3
Виктор Кирейчук,56,37,47,46,11,197,4,1,6.147186767845805,[],5
Валерий Краснов,1,38,33,11,29,112,3,3,8.277540604982969,['connect'],6
Андрей Кировский,15,55,5,11,33,119,4,3,8.35776184723981,['add'],7
Евгений Кирейчук,46,58,50,34,20,208,4,2,7.812467159242129,['connect' 'update' 'update'],6
Виктор Герасимчук,50,46,42,55,18,211,3,2,6.708737375393987,['fix error' 'fix error' 'realization' 'create'],5
Евгений Кирейчук,49,43,45,47,51,235,4,3,7.622142678164105,[],7
Денис Кирейчук,13,31,28,15,28,115,4,3,9.176418248870823,['create' 'fix bug' 'create' 'fix errors'],7
Виктор Краснов,5,24,28,54,54,165,1,3,6.687806480287699,['fix error'],4
Андрей Смирнов,32,52,60,53,29,226,4,1,9.073751638822422,['fix error' 'fix bugs'],5
Евгений Герасимчук,38,25,44,22,22,151,3,2,9.116673058610301,['fix errors' 'add'],5
Евгений Кировский,34,26,14,28,36,138,3,2,7.738206851676066,['fix error' 'create' 'add'],5
Дмитрий Кировский,41,0,51,57,25,174,3,2,8.687009944406011,['fix errors' 'create' 'connect' 'create' 'add'],5
Виктор Троцкий,60,3,10,20,35,128,3,1,8.825927203456516,['update' 'update'],4
Олег Камышев,35,1,44,31,49,160,1,3,10.03666891840351,['realization'],4
Артур Камышев,51,30,53,46,56,236,3,2,8.16321121380944,['fix error'],5
Владмир Троцкий,45,49,40,45,43,222,1,2,7.65987457942518,['fix errors' 'update' 'connect'],3
Вадим Камышев,42,28,40,41,35,186,2,3,9.419633338978528,['fix bug' 'fix errors' 'fix bug'],5
Евгений Камышев,57,25,34,49,49,214,4,3,7.748737512594472,[],7
Виктор Камышев,42,23,38,18,59,180,4,3,7.467198597220311,['fix error'],7
Владмир Кировский,44,42,8,22,54,170,2,1,8.145855982161915,['fix error' 'fix errors'],3
Вадим Кирейчук,37,27,58,56,51,229,2,3,7.206468644409677,['add'],5
Дмитрий Иванов,14,51,1,19,37,122,3,1,7.027388817142446,[],4
Виктор Камышев,34,46,33,59,1,173,2,2,9.517867609233486,['fix bugs' 'fix bug' 'review this' 'fix errors' 'realization'],4
Олег Троцкий,7,45,7,46,29,134,4,3,7.6700605096543555,['add' 'create' 'fix errors' 'realization'],7
Вадим Краснов,4,29,59,27,29,148,3,2,9.931259886698772,['fix errors' 'update' 'add'],5
Евгений Стоев,25,41,46,18,13,143,4,1,9.455404850909902,[],5
Вадим Стоев,6,31,40,35,40,152,2,2,8.558691136079178,['add'],4
Артур Кировский,51,24,25,3,41,144,1,2,6.305545229667166,['fix bugs'],3
Владмир Астахов,54,35,33,23,4,149,4,3,8.745502700277408,['create' 'fix error' 'realization'],7
Олег Астахов,15,28,43,30,44,160,4,3,7.43908884554698,['add' 'review this' 'add' 'fix bugs'],7
Вадим Кирейчук,14,59,58,55,27,213,3,1,10.105973956624936,['fix bugs' 'fix errors'],4
Артур Кировский,23,38,29,9,20,119,4,3,7.9642919347876,['create' 'add' 'review this'],7
Вадим Кировский,59,3,51,13,5,131,2,3,7.948265677953535,['fix bug' 'create' 'fix error' 'fix errors' 'review this'],5
Денис Стоев,14,21,50,53,33,171,2,2,8.350252025719747,['update' 'create' 'fix bugs' 'fix error' 'review this'],4
Валерий Герасимчук,42,42,33,51,22,190,2,1,9.536921601554656,['review this' 'fix bugs' 'review this'],3
Владмир Кирейчук,16,6,38,46,51,157,3,1,8.827619207714307,['add' 'fix bugs' 'review this' 'update' 'connect'],4
Дмитрий Кировский,50,27,55,4,52,188,1,1,7.997431949120208,['fix bug' 'fix bug' 'realization' 'realization' 'add'],2
Виктор Кировский,38,29,11,3,8,89,4,2,7.046609948774466,['review this' 'fix bug' 'review this'],6
Виктор Астахов,16,15,16,15,33,95,4,2,6.458940231363278,['add' 'update'],6
Виктор Камышев,15,45,8,27,18,113,1,1,8.081524040291294,['add'],2
Евгений Кировский,4,8,6,57,22,97,2,1,6.847072138983537,['add' 'add' 'fix errors' 'update' 'fix bugs'],3
Артур Краснов,3,40,16,54,42,155,4,3,8.646432510353236,['fix bugs' 'connect' 'update'],7
Валерий Троцкий,5,32,27,40,48,152,2,2,7.482658906480892,['fix bug' 'realization'],4
Дмитрий Камышев,51,39,48,58,5,201,3,3,8.281422719187413,['fix bugs' 'fix errors' 'connect'],6
Валерий Кирейчук,51,26,23,57,54,211,1,2,6.574241586428633,['add' 'fix errors'],3
Владмир Астахов,15,12,1,59,55,142,2,3,9.278587276970129,['fix errors' 'create' 'add' 'update'],5
Дмитрий Кирейчук,55,57,27,2,7,148,3,1,7.359028851753848,['connect' 'fix errors' 'create' 'create' 'connect'],4
Валерий Краснов,41,2,41,27,29,140,4,3,8.453608963633364,['create' 'add'],7
Андрей Троцкий,6,50,15,6,3,80,3,1,7.6539779613926955,['connect'],4
Денис Кирейчук,53,41,44,9,1,148,3,1,9.810870822879464,['realization' 'update' 'add' 'fix bug'],4
Артур Смирнов,8,45,43,11,7,114,4,1,7.9545185828090235,['update'],5
Дмитрий Астахов,44,29,6,24,49,152,3,3,5.576098132198445,['connect' 'realization' 'fix errors' 'realization'],6
Валерий Камышев,2,19,40,15,51,127,1,3,6.492462289394558,['fix bugs' 'review this'],4
Вадим Герасимчук,16,48,42,19,54,179,3,3,8.984569848041298,['fix bug' 'fix error' 'fix bugs' 'fix error'],6
Олег Кировский,52,50,42,38,22,204,1,2,6.514463868892083,['review this' 'realization' 'create'],3
Виктор Смирнов,6,20,27,31,49,133,4,3,7.363529330595157,['update' 'add' 'review this' 'update'],7
Дмитрий Краснов,19,39,52,59,0,169,1,3,7.60261263631137,[],4
Андрей Стоев,22,25,24,4,14,89,1,1,7.29966171323393,[],2
Валерий Краснов,59,10,56,34,31,190,4,2,9.516167895894037,[],6
Денис Кирейчук,11,37,48,5,17,118,2,1,8.377597486144996,['realization' 'create' 'review this' 'connect'],3
Артур Астахов,48,55,28,47,58,236,3,2,8.84971831829065,['realization' 'update' 'update' 'fix bugs' 'create'],5
Владмир Астахов,53,26,8,0,37,124,1,1,7.420098901219573,['connect' 'fix bug' 'add' 'realization'],2
Артур Троцкий,42,46,11,11,55,165,3,3,8.046197995364553,['fix error' 'update' 'update' 'fix bugs' 'realization'],6
Владмир Астахов,1,37,53,36,36,163,2,2,9.07987815701403,['fix bugs' 'fix errors' 'fix bugs'],4
Андрей Смирнов,11,35,37,54,13,150,3,3,7.6278341365678495,['update' 'connect'],6
Вадим Краснов,51,24,10,26,27,138,3,1,9.831397300356214,['review this' 'realization'],4
Валерий Кирейчук,28,52,24,23,14,141,2,3,8.548308371744929,['realization' 'update'],5
Виктор Кировский,6,1,18,50,27,102,2,3,8.528397920992596,['fix bug' 'update' 'fix bug'],5
Виктор Смирнов,59,50,16,47,38,210,4,3,9.299734122011762,['realization'],7
Дмитрий Троцкий,39,28,30,59,48,204,3,1,7.5410524829008985,[],4
Андрей Иванов,38,47,12,23,9,129,3,1,6.5309652794481545,['fix error' 'fix errors' 'fix errors' 'add' 'fix bug'],4
Дмитрий Камышев,7,30,39,6,0,82,3,1,7.400844640122056,['realization' 'fix errors'],4
Валерий Кировский,54,16,33,30,20,153,3,1,8.548156272712157,['fix bugs' 'fix bug' 'review this' 'fix errors'],4
Валерий Стоев,43,19,35,18,45,160,4,1,7.294384504430539,['fix errors' 'fix errors' 'fix error'],5
Олег Стоев,48,9,39,43,0,139,3,3,7.307718905292389,['create' 'realization' 'add' 'fix bugs'],6
Валерий Герасимчук,1,46,19,24,55,145,2,1,9.097371371027531,['create' 'create' 'fix bugs' 'review this' 'create'],3
Евгений Смирнов,42,23,14,45,38,162,4,2,8.22468060636039,['fix errors' 'add' 'fix bug'],6
Денис Камышев,40,54,57,25,36,212,3,2,8.827406769072109,[],5
Артур Краснов,45,55,17,42,10,169,2,1,9.244470287142551,['review this'],3
Владмир Герасимчук,22,24,19,23,52,140,2,1,8.338447057972639,['fix error' 'realization' 'fix error'],3
Дмитрий Астахов,56,5,26,14,40,141,1,3,7.4403494248192885,['add' 'fix error' 'realization'],4
Вадим Камышев,12,6,34,1,12,65,2,1,6.706715663782381,['fix bugs' 'connect'],3
Артур Кирейчук,8,42,27,39,57,173,2,1,8.465232040122586,['connect' 'create' 'fix error'],3
Валерий Герасимчук,6,5,30,26,39,106,3,2,6.705610113820855,['fix error' 'fix error' 'realization' 'review this' 'review this'],5
Вадим Стоев,54,3,19,55,58,189,1,3,8.093476457219207,['review this' 'fix errors' 'review this'],4
Андрей Кирейчук,37,24,11,14,8,94,1,3,6.422685544972664,['update' 'fix errors' 'fix errors' 'fix errors'],4
Евгений Астахов,5,50,56,12,35,158,4,1,8.626607213585048,['create' 'fix errors' 'review this' 'fix bug' 'fix bugs'],5
Евгений Герасимчук,52,58,5,54,0,169,2,3,7.513906180082733,['update' 'fix bug' 'fix bug'],5
Олег Краснов,58,28,53,22,58,219,4,2,8.000400543406672,[],6
Дмитрий Краснов,37,45,14,5,45,146,2,1,7.176828230524037,['review this' 'review this'],3
Вадим Кирейчук,49,41,58,48,5,201,4,2,7.603372217900228,['fix errors' 'realization' 'fix errors' 'fix errors'],6
Андрей Стоев,43,46,58,34,51,232,2,3,8.388873476825298,['review this' 'fix bugs'],5
Вадим Астахов,26,40,21,13,36,136,1,2,8.468973097794235,['fix bug' 'connect' 'fix errors' 'add' 'update'],3
Артур Герасимчук,16,35,44,41,34,170,4,2,8.455439358727949,['add' 'realization' 'review this'],6
Валерий Астахов,33,34,29,56,2,154,4,2,8.16135136961121,['fix error' 'review this'],6
Денис Краснов,11,28,58,19,3,119,2,1,8.56345119413658,['realization'],3
Евгений Троцкий,52,23,41,31,11,158,2,2,7.558080574197911,['update' 'create' 'realization' 'fix errors'],4
Вадим Иванов,26,9,8,9,31,83,3,1,8.660253324975946,['add' 'realization' 'realization' 'add'],4
Артур Герасимчук,39,38,4,38,35,154,4,2,7.540250004387002,['review this'],6
Владмир Герасимчук,33,29,57,14,48,181,1,1,8.904287855335122,['fix bug' 'connect' 'fix error'],2
Андрей Краснов,53,25,6,26,54,164,4,1,8.146977697371625,['review this' 'create' 'fix error'],5
Дмитрий Герасимчук,45,39,10,26,40,160,4,1,7.650648386961475,['fix errors'],5
Владмир Краснов,56,11,26,6,54,153,3,2,8.048798844064667,['fix bugs' 'connect'],5
Артур Стоев,55,14,35,12,17,133,1,2,8.733925819187952,['fix bug'],3
Вадим Иванов,42,18,18,40,27,145,4,2,8.751550841738961,['add'],6
Владмир Камышев,46,10,52,13,12,133,2,3,7.411123271665065,['fix error' 'connect' 'connect' 'connect'],5
Олег Кирейчук,13,54,20,11,55,153,4,2,6.461749920792613,[],6
Валерий Троцкий,60,11,16,44,21,152,2,3,7.259458732299358,['connect' 'realization'],5
Артур Камышев,48,42,58,10,43,201,2,2,8.766269799380074,['connect' 'fix errors'],4
Артур Камышев,25,24,30,38,48,165,3,2,6.7035181814609235,['add'],5
Виктор Кировский,50,25,11,17,50,153,2,3,8.568797274448926,['create'],5
Виктор Кировский,57,39,15,18,9,138,1,1,8.532589393964418,['fix errors'],2
Виктор Кирейчук,6,50,29,3,34,122,4,2,8.790667548111207,[],6
Артур Камышев,21,7,19,4,41,92,4,3,7.540999964064788,[],7
Владмир Герасимчук,28,24,10,8,29,99,1,3,7.319703878537152,['realization' 'fix error'],4
Денис Камышев,21,57,31,33,22,164,2,3,7.985932102364388,['fix bug' 'review this' 'fix error'],5
Валерий Троцкий,3,53,37,37,30,160,2,3,7.370922986207686,['create' 'fix bug' 'fix bugs' 'add' 'fix bug'],5
Денис Стоев,45,24,46,9,10,134,4,3,8.504123061852162,['create'],7
Вадим Троцкий,35,4,18,45,39,141,2,2,5.226650589841282,['review this' 'fix bug' 'create'],4
Олег Смирнов,25,10,21,17,46,119,3,3,6.61620923722696,['fix error' 'connect' 'fix bugs' 'add'],6
Денис Кировский,4,17,49,28,10,108,1,1,8.572474304528134,['review this' 'review this' 'fix error' 'update'],2
Вадим Троцкий,33,55,30,31,24,173,2,2,8.00569135920568,['fix bugs' 'fix bug' 'connect' 'fix errors' 'connect'],4
Дмитрий Стоев,9,20,12,43,42,126,3,2,8.57855081147877,[],5
Артур Иванов,7,55,54,11,11,138,1,3,7.8557914559551385,['fix error' 'connect' 'update' 'review this'],4
Артур Смирнов,50,21,47,16,44,178,4,1,6.013787405856823,['update' 'fix bugs' 'fix error'],5
Владмир Кировский,8,22,7,2,7,46,3,3,7.894829799655476,['fix bugs' 'fix error'],6
Евгений Стоев,43,18,16,36,48,161,1,3,8.058745686749349,['update' 'fix bug' 'fix errors'],4
Вадим Стоев,8,59,33,59,56,215,3,1,9.215785895953736,['review this' 'connect' 'realization' 'add'],4
Виктор Кировский,26,43,10,12,23,114,2,1,5.246965019367595,['update' 'fix errors' 'connect' 'review this' 'fix bugs'],3
Артур Стоев,32,57,33,16,38,176,3,2,6.830678059914636,['add' 'fix bug' 'fix bugs'],5
Артур Краснов,50,24,11,54,52,191,2,3,7.583272877246471,['add' 'add'],5
Артур Краснов,30,36,30,41,14,151,1,2,6.7976511356591995,['create' 'fix error' 'update' 'review this' 'fix bugs'],3
Валерий Герасимчук,2,15,3,0,51,71,4,3,8.482738735045087,['review this'],7
Владмир Троцкий,11,47,43,8,5,114,2,3,8.236741779114292,['fix bugs' 'connect' 'realization' 'fix error'],5
Евгений Астахов,54,5,41,18,31,149,4,2,7.6137476671607365,['fix errors' 'create' 'fix error'],6
Виктор Краснов,52,28,4,12,3,99,1,1,8.265003740045419,['fix error' 'update'],2
Дмитрий Герасимчук,4,42,5,4,29,84,4,3,7.309015189549061,['fix bug' 'realization' 'fix bug'],7
Андрей Камышев,17,43,36,4,42,142,1,1,6.502083169037511,['add'],2
Вадим Троцкий,54,36,44,12,29,175,3,3,8.50175543783188,[],6
Андрей Кировский,26,7,20,25,42,120,4,2,6.669487784740849,['add' 'create' 'realization'],6
Евгений Смирнов,4,28,33,21,20,106,1,2,7.58059902364743,['fix errors' 'fix bugs' 'create'],3
Виктор Астахов,1,28,54,54,35,172,2,1,7.351800737372317,['fix bugs'],3
Олег Астахов,60,11,36,30,50,187,2,3,6.585044152683106,['fix errors' 'fix bugs' 'connect'],5
Дмитрий Кирейчук,30,4,44,11,8,97,3,1,5.6131968081080705,['update' 'review this' 'realization'],4
Олег Кирейчук,44,17,37,47,54,199,3,1,7.538345841224249,['fix bugs'],4
Владмир Троцкий,42,43,28,2,54,169,2,3,8.425486371027102,['fix error' 'fix errors'],5
Денис Краснов,9,42,39,25,13,128,4,3,9.25088354794073,['fix bug' 'fix error' 'realization'],7
Валерий Кировский,29,52,49,54,21,205,3,3,6.745921355979239,['fix bugs' 'fix bug' 'review this' 'review this'],6
Олег Камышев,13,41,2,2,28,86,2,1,7.170290715897711,['fix errors' 'add' 'connect' 'fix bugs'],3
Андрей Герасимчук,51,17,44,41,43,196,2,3,7.955430851149713,['fix bug' 'fix error' 'fix errors' 'realization'],5
Виктор Герасимчук,27,10,33,4,57,131,2,3,5.5163028377319225,['connect'],5
Артур Смирнов,46,32,33,47,46,204,4,2,7.410398872261339,['fix bug' 'fix error' 'update'],6
Вадим Смирнов,9,57,19,18,39,142,4,2,6.400781044087605,[],6
Олег Кировский,32,59,40,42,4,177,1,1,8.71098297607749,['update'],2
Владмир Смирнов,52,42,47,56,13,210,1,2,5.926568828957874,['fix bugs' 'realization'],3
Евгений Герасимчук,58,55,8,21,32,174,1,2,9.618989803226068,['create' 'create' 'fix error' 'connect'],3
Дмитрий Краснов,33,25,20,25,33,136,2,3,9.056530400040156,['update'],5
Олег Иванов,3,7,14,46,30,100,2,3,7.62063031586714,['update' 'fix errors'],5
Евгений Краснов,20,9,11,55,52,147,2,1,7.809300767651342,['realization' 'update' 'review this' 'fix bug' 'realization'],3
Вадим Астахов,15,33,60,31,38,177,1,2,10.133191077437203,['fix errors' 'connect' 'add' 'fix error'],3
Виктор Троцкий,1,35,59,44,32,171,2,3,7.409262836676139,['fix error' 'review this'],5
Вадим Камышев,24,6,47,54,51,182,1,3,8.441631171187359,['update' 'update'],4
Андрей Астахов,36,16,9,8,14,83,1,2,8.390833795051662,['fix error' 'realization' 'fix errors' 'fix errors'],3
Денис Троцкий,51,43,9,11,6,120,3,2,8.987666911312976,['add' 'review this' 'fix bugs'],5
Артур Кирейчук,9,8,56,52,0,125,1,1,6.300836354849425,['fix error'],2
Олег Краснов,58,12,20,15,23,128,2,2,7.946955030381828,['review this' 'fix errors' 'fix bugs' 'fix error'],4
Олег Стоев,27,59,47,41,53,227,4,3,9.336200370453211,['update' 'fix errors' 'connect'],7
Виктор Герасимчук,6,55,55,6,56,178,2,1,7.8837988051778565,['fix errors'],3
Дмитрий Астахов,51,1,24,58,11,145,4,2,7.668105399204869,['fix bugs' 'fix bug' 'create' 'review this' 'fix bug'],6
Владмир Троцкий,51,4,52,2,58,167,2,3,7.831119203874429,['fix bug' 'add' 'fix errors'],5
Денис Стоев,21,28,2,47,28,126,3,2,7.867513530666039,[],5
Валерий Троцкий,31,24,27,27,19,128,2,1,7.42708706901819,['fix error' 'fix bug' 'fix errors' 'review this' 'connect'],3
Артур Краснов,37,13,4,27,18,99,4,3,8.265632262745815,[],7
Евгений Троцкий,48,19,40,14,28,149,2,1,7.17673740224457,['review this' 'fix error'],3
Вадим Кирейчук,17,58,1,11,39,126,3,2,8.482995707686392,['update' 'fix bug' 'fix bug' 'fix error' 'create'],5
Дмитрий Краснов,58,37,55,25,8,183,4,3,8.302623556020725,['realization'],7
Валерий Кирейчук,26,39,51,14,30,160,3,2,8.350375250081173,['realization' 'fix error' 'realization' 'connect'],5
Денис Герасимчук,58,34,21,49,7,169,2,2,9.452760053836759,['realization' 'fix bugs' 'fix bug'],4
Владмир Герасимчук,26,44,40,21,44,175,3,1,7.2679101888372015,['fix bug' 'connect'],4
Виктор Герасимчук,26,26,40,43,39,174,1,1,8.910008401418475,['realization' 'fix bug'],2
Артур Краснов,9,22,50,42,45,168,3,3,7.302226730778451,['fix error' 'fix bugs'],6
Владмир Кировский,52,49,8,28,8,145,3,3,7.238947262899187,['update' 'fix bug' 'review this'],6
Дмитрий Астахов,28,19,20,12,1,80,4,3,5.727990090778821,['review this' 'fix error' 'realization' 'create'],7
Виктор Стоев,52,53,36,22,51,214,1,3,8.567144000059274,['review this' 'fix bug' 'realization' 'add'],4
Дмитрий Краснов,11,24,5,42,41,123,4,1,7.5522023172389945,['fix errors' 'create' 'add'],5
Олег Краснов,20,33,58,52,36,199,4,3,6.507595039710446,['realization' 'fix bugs' 'update'],7
Андрей Стоев,37,20,7,38,26,128,4,3,8.471387518259172,['review this' 'fix bug' 'connect' 'add' 'fix errors'],7
Дмитрий Стоев,3,51,28,42,29,153,4,3,7.177248470532067,['fix errors' 'create'],7
Андрей Троцкий,50,28,6,36,28,148,1,3,6.073191258180396,[],4
Андрей Кировский,4,21,32,15,17,89,4,1,7.111281430530777,['fix bugs' 'fix error'],5
Олег Смирнов,14,56,21,48,11,150,4,3,6.831207734416347,['fix error' 'fix bugs'],7
Андрей Кировский,38,57,28,27,35,185,3,2,8.036292546986957,['connect' 'add' 'fix error'],5
Андрей Герасимчук,50,20,48,43,2,163,2,3,9.65808576879344,['add' 'fix error'],5
Артур Троцкий,20,41,54,57,18,190,4,1,8.241719447243032,['fix errors' 'review this'],5
Дмитрий Герасимчук,50,9,36,37,3,135,2,3,8.736394386440919,['update' 'update' 'fix errors' 'fix error'],5
Андрей Иванов,34,43,29,51,21,178,4,2,8.53187621944707,['fix bug' 'create' 'realization' 'update' 'realization'],6
Дмитрий Троцкий,19,50,43,6,22,140,2,2,8.103397041490334,['fix bug' 'create' 'review this'],4
Владмир Кирейчук,25,28,42,44,50,189,3,1,5.235175694655634,['create'],4
Андрей Смирнов,37,24,7,8,44,120,1,2,6.398543131755741,['update'],3
Владмир Троцкий,36,16,47,29,18,146,2,3,8.143588740856622,['realization' 'fix bug' 'add' 'update'],5
Артур Астахов,46,14,52,49,2,163,3,1,6.838754548940574,['create' 'update' 'fix bugs' 'fix bug'],4
Виктор Кирейчук,53,20,13,22,23,131,2,3,9.86429033485461,['fix bug'],5
Валерий Смирнов,13,48,8,58,47,174,4,3,8.986035908304803,['connect' 'add' 'add' 'realization' 'realization'],7
Валерий Иванов,42,47,31,40,49,209,4,2,8.475808005109377,['fix bugs' 'review this'],6
Олег Иванов,1,39,46,12,39,137,4,3,7.943556662632284,['fix bugs' 'connect' 'create'],7
Андрей Астахов,19,60,57,36,4,176,2,1,8.607860928181255,['add' 'review this'],3
Андрей Кировский,2,20,23,48,59,152,3,3,7.08448001466612,['update' 'realization' 'create'],6
Денис Камышев,55,19,17,24,60,175,2,2,7.509102553634346,[],4
Евгений Герасимчук,32,49,42,11,37,171,2,2,7.947235473446172,['fix error' 'add' 'fix errors' 'add' 'update'],4
Дмитрий Камышев,26,13,22,53,46,160,3,2,8.178589254463644,[],5
Андрей Стоев,23,42,5,19,12,101,2,1,8.159198498518723,[],3
Дмитрий Кировский,9,1,19,48,2,79,2,2,7.954065403887866,['fix bug' 'fix bug' 'fix bugs' 'fix errors'],4
Валерий Иванов,59,43,21,10,33,166,4,3,8.094215662715653,['fix bug' 'realization' 'connect' 'fix bugs' 'connect'],7
Вадим Камышев,49,42,2,40,5,138,3,1,7.117207141695863,['fix bugs' 'fix bug'],4
Вадим Камышев,3,13,34,34,2,86,2,1,8.11608785831768,['fix errors'],3
Артур Кировский,2,44,16,13,36,111,1,1,7.70756419271606,['fix errors' 'fix bug' 'fix errors'],2
Виктор Герасимчук,10,31,9,40,29,119,2,2,7.576761522595881,['fix error' 'create' 'fix error' 'fix errors' 'fix error'],4
